Date,Price,pct_change
2009-12-31,111.44000244140625,0.0
2010-01-04,113.33000183105469,0.01695979314647068
2010-01-05,113.62999725341797,0.0026470962456216648
2010-01-06,113.70999908447266,0.0007040555574094327
2010-01-07,114.19000244140625,0.004221294176398768
2010-01-08,114.56999969482422,0.0033277628977454034
2010-01-11,114.7300033569336,0.001396558108890379
2010-01-12,113.66000366210938,-0.009326241292745107
2010-01-13,114.62000274658203,0.008446234854316562
2010-01-14,114.93000030517578,0.00270456771213953
2010-01-15,113.63999938964844,-0.011224231376507268
2010-01-19,115.05999755859375,0.01249558409514266
2010-01-20,113.88999938964844,-0.010168591984799032
2010-01-21,111.69999694824219,-0.019229102231475656
2010-01-22,109.20999908447266,-0.022291834662478173
2010-01-25,109.7699966430664,0.005127713243185713
2010-01-26,109.30999755859375,-0.004190572092011738
2010-01-27,109.83000183105469,0.004757151990440747
2010-01-28,108.56999969482422,-0.01147229459368178
2010-01-29,107.38999938964844,-0.010868566901470061
2010-02-01,109.05999755859375,0.015550779201385184
2010-02-02,110.37999725341797,0.012103426777678348
2010-02-03,109.83000183105469,-0.004982745389099476
2010-02-04,106.44000244140625,-0.03086587756652397
2010-02-05,106.66000366210938,0.002066903566863714
2010-02-08,105.88999938964844,-0.007219241009031383
2010-02-09,107.22000122070312,0.012560221349710438
2010-02-10,107.01000213623047,-0.0019585812542604925
2010-02-11,108.12999725341797,0.010466265721233008
2010-02-12,108.04000091552734,-0.0008322976063682479
2010-02-16,109.73999786376953,0.015734884615294986
2010-02-17,110.26000213623047,0.0047385117785993325
2010-02-18,110.91000366210938,0.005895170626568684
2010-02-19,111.13999938964844,0.002073714903479323
2010-02-22,111.16000366210938,0.00017999165530678142
2010-02-23,109.80999755859375,-0.012144710858585511
2010-02-24,110.81999969482422,0.009197724785409813
2010-02-25,110.66999816894531,-0.0013535600639954881
2010-02-26,110.73999786376953,0.0006325083218792453
2010-03-01,111.88999938964844,0.010384698826648152
2010-03-02,112.19999694824219,0.002770556441905116
2010-03-03,112.30000305175781,0.0008913200199261839
2010-03-04,112.63999938964844,0.0030275719381229623
2010-03-05,114.25,0.014293329359690327
2010-03-08,114.2699966430664,0.000175025322244256
2010-03-09,114.45999908447266,0.0016627500392753258
2010-03-10,114.97000122070312,0.004455723748993584
2010-03-11,115.44999694824219,0.004174964968623725
2010-03-12,115.45999908447266,8.663608917159906e-05
2010-03-15,115.48999786376953,0.00025981967378093724
2010-03-16,116.41000366210938,0.007966108021103873
2010-03-17,117.0999984741211,0.005927281078132181
2010-03-18,117.04000091552734,-0.0005123617367681636
2010-03-19,115.97000122070312,-0.00914217093689603
2010-03-22,116.58999633789062,0.005346168066408691
2010-03-23,117.41000366210938,0.007033256282488239
2010-03-24,116.83999633789062,-0.0048548446166406444
2010-03-25,116.6500015258789,-0.0016261110746894501
2010-03-26,116.58000183105469,-0.0006000831025166275
2010-03-29,117.31999969482422,0.006347554058559038
2010-03-30,117.4000015258789,0.0006819112790895866
2010-03-31,117.0,-0.003407167978534757
2010-04-01,117.80000305175781,0.006837632921006944
2010-04-05,118.76000213623047,0.008149397789496332
2010-04-06,119.04000091552734,0.0023576858728554615
2010-04-07,118.36000061035156,-0.0057123681111051075
2010-04-08,118.7699966430664,0.003463974574185548
2010-04-09,119.55000305175781,0.006567369122990893
2010-04-12,119.73999786376953,0.0015892497462293052
2010-04-13,119.83000183105469,0.000751661674385158
2010-04-14,121.19000244140625,0.011349416586582325
2010-04-15,121.29000091552734,0.0008251379825612404
2010-04-16,119.36000061035156,-0.015912278758410874
2010-04-19,119.80999755859375,0.0037700816516514097
2010-04-20,120.87999725341797,0.008930804746080805
2010-04-21,120.66000366210938,-0.001819933788113759
2010-04-22,121.0199966430664,0.0029835319909747287
2010-04-23,121.80999755859375,0.006527854383084758
2010-04-26,121.3499984741211,-0.003776365599641235
2010-04-27,118.4800033569336,-0.023650557505359594
2010-04-28,119.37999725341797,0.007596167040720346
2010-04-29,120.86000061035156,0.012397414901860535
2010-04-30,118.80999755859375,-0.01696179911803038
2010-05-03,120.3499984741211,0.01296187986846695
2010-05-04,117.5199966430664,-0.023514764162321313
2010-05-05,116.81999969482422,-0.005956407149740051
2010-05-06,112.94000244140625,-0.03321346741614376
2010-05-07,111.26000213623047,-0.01487515733008216
2010-05-10,116.16000366210938,0.044040997948923105
2010-05-11,115.83000183105469,-0.0028409247645567346
2010-05-12,117.44999694824219,0.01398597160993198
2010-05-13,115.98999786376953,-0.01243081415418042
2010-05-14,113.88999938964844,-0.01810499623068832
2010-05-17,113.94999694824219,0.0005268026948396246
2010-05-18,112.4000015258789,-0.013602417410044448
2010-05-19,111.76000213623047,-0.005693944670464123
2010-05-20,107.54000091552734,-0.03775949481066698
2010-05-21,109.11000061035156,0.014599215933217755
2010-05-24,107.70999908447266,-0.012831101805952004
2010-05-25,107.81999969482422,0.0010212664681697138
2010-05-26,107.16999816894531,-0.006028580297891699
2010-05-27,110.76000213623047,0.03349821805190096
2010-05-28,109.37000274658203,-0.012549651163231224
2010-06-01,107.52999877929688,-0.016823662074404208
2010-06-02,110.33000183105469,0.026039273538026923
2010-06-03,110.70999908447266,0.0034441878646920368
2010-06-04,106.81999969482422,-0.03513683878436613
2010-06-07,105.48999786376953,-0.012450869077461067
2010-06-08,106.62000274658203,0.010711962325298325
2010-06-09,106.05000305175781,-0.005346085913906915
2010-06-10,109.1500015258789,0.029231479348549725
2010-06-11,109.68000030517578,0.004855691909186231
2010-06-14,109.51000213623047,-0.0015499468314396998
2010-06-15,112.0,0.022737629579003875
2010-06-16,111.95999908447266,-0.0003571510314941406
2010-06-17,112.13999938964844,0.0016077197807046505
2010-06-18,111.7300033569336,-0.003656108747515208
2010-06-21,111.41000366210938,-0.0028640444393610645
2010-06-22,109.56999969482422,-0.016515608175237347
2010-06-23,109.2300033569336,-0.0031030057391401586
2010-06-24,107.41999816894531,-0.01657058621589237
2010-06-25,107.87000274658203,0.004189206714833228
2010-06-28,107.52999877929688,-0.0031519788507276144
2010-06-29,104.20999908447266,-0.03087510213441414
2010-06-30,103.22000122070312,-0.009500027564217122
2010-07-01,102.76000213623047,-0.004456491755789604
2010-07-02,102.19999694824219,-0.005449641653820462
2010-07-06,102.87000274658203,0.006555829925113982
2010-07-07,106.11000061035156,0.031496041384884516
2010-07-08,107.16000366210938,0.009895420278184217
2010-07-09,107.95999908447266,0.007465429218216339
2010-07-12,108.02999877929688,0.0006483854707098312
2010-07-13,109.66000366210938,0.01508844673915592
2010-07-14,109.6500015258789,-9.121043130080407e-05
2010-07-15,109.68000030517578,0.0002735866746868661
2010-07-16,106.66000366210938,-0.027534615560389393
2010-07-19,107.29000091552734,0.005906593210082302
2010-07-20,108.4800033569336,0.011091457090611592
2010-07-21,107.06999969482422,-0.012997820966782385
2010-07-22,109.45999908447266,0.022321839884753173
2010-07-23,110.41000366210938,0.008679011379340316
2010-07-26,111.55999755859375,0.010415667587546971
2010-07-27,111.55000305175781,-8.958862544513921e-05
2010-07-28,110.83000183105469,-0.006454515472931483
2010-07-29,110.29000091552734,-0.004872335167426072
2010-07-30,110.2699966430664,-0.00018137884028361786
2010-08-02,112.76000213623047,0.022580988201386962
2010-08-03,112.22000122070312,-0.004788940274007304
2010-08-04,112.97000122070312,0.006683300586719605
2010-08-05,112.8499984741211,-0.001062253211342263
2010-08-06,112.38999938964844,-0.004076199297230331
2010-08-09,112.98999786376953,0.005338539704417473
2010-08-10,112.37999725341797,-0.005398713354141592
2010-08-11,109.30000305175781,-0.027406960997825438
2010-08-12,108.62999725341797,-0.006129970536437861
2010-08-13,108.30999755859375,-0.002945776515833891
2010-08-16,108.26000213623047,-0.0004615956374316658
2010-08-17,109.58999633789062,0.01228518543706049
2010-08-18,109.79000091552734,0.0018250258629451872
2010-08-19,107.87999725341797,-0.017396881739521395
2010-08-20,107.52999877929688,-0.0032443315075261067
2010-08-23,107.12000274658203,-0.003812852574808935
2010-08-24,105.52999877929688,-0.014843203197508224
2010-08-25,105.94000244140625,0.0038851858888660435
2010-08-26,105.2300033569336,-0.006701897943275446
2010-08-27,106.86000061035156,0.015489852717091721
2010-08-30,105.30999755859375,-0.014504988236053437
2010-08-31,105.30999755859375,0.0
2010-09-01,108.45999908447266,0.029911704481108428
2010-09-02,109.47000122070312,0.009312208600000465
2010-09-03,110.88999938964844,0.012971573518871583
2010-09-07,109.63999938964844,-0.011272432202003305
2010-09-08,110.41000366210938,0.007023023319476932
2010-09-09,110.91999816894531,0.004619096910789778
2010-09-10,111.4800033569336,0.005048730591712794
2010-09-13,112.72000122070312,0.011123051905545252
2010-09-14,112.6500015258789,-0.0006210050928509217
2010-09-15,113.08000183105469,0.0038171353692968923
2010-09-16,113.05000305175781,-0.0002652881040954897
2010-09-17,112.48999786376953,-0.0049536061288905356
2010-09-20,114.20999908447266,0.015290259164073628
2010-09-21,113.9800033569336,-0.002013796772460805
2010-09-22,113.41999816894531,-0.004913188028557952
2010-09-23,112.5,-0.008111428176668852
2010-09-24,114.81999969482422,0.020622219509548612
2010-09-27,114.2699966430664,-0.00479013284462328
2010-09-28,114.66999816894531,0.0035004947722922443
2010-09-29,114.47000122070312,-0.0017441087593594315
2010-09-30,114.12999725341797,-0.002970245161696241
2010-10-01,114.61000061035156,0.004205759822001736
2010-10-04,113.75,-0.007503713513407724
2010-10-05,116.04000091552734,0.020131876180460164
2010-10-06,116.02999877929688,-8.619558903442202e-05
2010-10-07,115.88999938964844,-0.0012065792564105195
2010-10-08,116.54000091552734,0.005608780130315247
2010-10-11,116.6500015258789,0.0009438871588073451
2010-10-12,117.01000213623047,0.003086160356986331
2010-10-13,117.91999816894531,0.0077770790197522486
2010-10-14,117.45999908447266,-0.003900942093075768
2010-10-15,117.69999694824219,0.002043230594586793
2010-10-18,118.27999877929688,0.0049277981826094655
2010-10-19,116.7300033569336,-0.013104459235373145
2010-10-20,117.87000274658203,0.009766121450048971
2010-10-21,118.12999725341797,0.002205773316175449
2010-10-22,118.3499984741211,0.0018623654094494571
2010-10-25,118.69999694824219,0.0029573170987207565
2010-10-26,118.72000122070312,0.00016852799473668175
2010-10-27,118.37999725341797,-0.0028639147893292326
2010-10-28,118.4000015258789,0.00016898355233202137
2010-10-29,118.48999786376953,0.00076010419536147
2010-11-01,118.52999877929688,0.0003375889631910843
2010-11-02,119.47000122070312,0.007930502413625572
2010-11-03,119.94999694824219,0.004017709237755355
2010-11-04,122.26000213623047,0.019258067917959486
2010-11-05,122.72000122070312,0.0037624658632026994
2010-11-08,122.48999786376953,-0.0018742124726673461
2010-11-09,121.61000061035156,-0.007184237641972047
2010-11-10,122.0999984741211,0.004029256321932969
2010-11-11,121.63999938964844,-0.0037673963163083277
2010-11-12,120.19999694824219,-0.011838231244917239
2010-11-15,120.02999877929688,-0.001414294286700467
2010-11-16,118.16000366210938,-0.015579397952222943
2010-11-17,118.22000122070312,0.000507765375205295
2010-11-18,119.95999908447266,0.014718303551030723
2010-11-19,120.29000091552734,0.0027509322571960754
2010-11-22,120.19000244140625,-0.0008313116082800336
2010-11-23,118.44999694824219,-0.014477123369827132
2010-11-24,120.19999694824219,0.014774166695543932
2010-11-26,118.80000305175781,-0.011647204093417813
2010-11-29,119.16000366210938,0.0030303080900992937
2010-11-30,118.48999786376953,-0.00562274066590091
2010-12-01,121.01000213623047,0.021267653961461287
2010-12-02,122.55999755859375,0.012808820717301777
2010-12-03,122.88999938964844,0.002692573740440224
2010-12-06,122.76000213623047,-0.0010578342750721748
2010-12-07,122.83000183105469,0.0005702158162765262
2010-12-08,123.27999877929688,0.003663575197703989
2010-12-09,123.76000213623047,0.003893602868969232
2010-12-10,124.4800033569336,0.005817721463115152
2010-12-13,124.55999755859375,0.0006426269240271557
2010-12-14,124.66999816894531,0.0008831134594380316
2010-12-15,124.0999984741211,-0.004572067884783228
2010-12-16,124.81999969482422,0.0058017826716836645
2010-12-17,124.30000305175781,-0.004165972154604711
2010-12-20,124.5999984741211,0.0024134788012705427
2010-12-21,125.38999938964844,0.006340296349934737
2010-12-22,125.77999877929688,0.003110291024378407
2010-12-23,125.5999984741211,-0.001431072562591
2010-12-27,125.6500015258789,0.0003981134742459033
2010-12-28,125.83000183105469,0.00143255314755176
2010-12-29,125.91999816894531,0.0007152216210841222
2010-12-30,125.72000122070312,-0.0015882858255275231
2010-12-31,125.75,0.00023861580500792189
2011-01-03,127.05000305175781,0.010337996435449802
2011-01-04,126.9800033569336,-0.0005509617720804161
2011-01-05,127.63999938964844,0.005197637543445579
2011-01-06,127.38999938964844,-0.001958633666526599
2011-01-07,127.13999938964844,-0.0019624774409121686
2011-01-10,126.9800033569336,-0.001258424048158918
2011-01-11,127.43000030517578,0.003543841048556847
2011-01-12,128.5800018310547,0.009024574457543942
2011-01-13,128.3699951171875,-0.0016332766439303829
2011-01-14,129.3000030517578,0.007244745422957436
2011-01-18,129.52000427246094,0.0017014788515902833
2011-01-19,128.25,-0.009805468117413974
2011-01-20,128.0800018310547,-0.0013255217851486354
2011-01-21,128.3699951171875,0.002264157417137855
2011-01-24,129.10000610351562,0.005686772720227233
2011-01-25,129.1699981689453,0.000542153850663385
2011-01-26,129.6699981689453,0.003870867903443298
2011-01-27,129.99000549316406,0.0024678594026184587
2011-01-28,127.72000122070312,-0.017462913889793725
2011-01-31,128.67999267578125,0.007516375241957894
2011-02-01,130.74000549316406,0.016008804279101625
2011-02-02,130.49000549316406,-0.0019121920567233847
2011-02-03,130.77999877929688,0.0022223409757462557
2011-02-04,131.14999389648438,0.0028291414638403566
2011-02-07,131.97000122070312,0.006252438904922673
2011-02-08,132.57000732421875,0.004546534045356192
2011-02-09,132.27000427246094,-0.0022629783147262903
2011-02-10,132.32000732421875,0.00037803772694232314
2011-02-11,133.11000061035156,0.005970323778754951
2011-02-14,133.42999267578125,0.00240396712465196
2011-02-15,133.00999450683594,-0.0031477043543415104
2011-02-16,133.85000610351562,0.006315402085341157
2011-02-17,134.25,0.0029883741370548135
2011-02-18,134.52999877929688,0.00208565198731378
2011-02-22,131.8300018310547,-0.020069850388326146
2011-02-23,131.02000427246094,-0.006144258115324868
2011-02-24,130.92999267578125,-0.0006870065161385971
2011-02-25,132.3300018310547,0.010692807099899913
2011-02-28,133.14999389648438,0.006196569591804048
2011-03-01,130.92999267578125,-0.0166729352044059
2011-03-02,131.2100067138672,0.002138654653249156
2011-03-03,133.47000122070312,0.017224254181804607
2011-03-04,132.47000122070312,-0.007492320303095087
2011-03-07,131.42999267578125,-0.007850898583364222
2011-03-08,132.5800018310547,0.008749975038881296
2011-03-09,132.38999938964844,-0.001433115392835551
2011-03-10,129.94000244140625,-0.018505906484910465
2011-03-11,130.83999633789062,0.00692622656283394
2011-03-14,130.0500030517578,-0.0060378577517892695
2011-03-15,128.55999755859375,-0.011457173842364804
2011-03-16,126.18000030517578,-0.018512735676844097
2011-03-17,127.8499984741211,0.013235046480474693
2011-03-18,127.76000213623047,-0.0007039213059423048
2011-03-21,129.74000549316406,0.015497834406908639
2011-03-22,129.2899932861328,-0.003468569353921917
2011-03-23,129.66000366210938,0.0028618639894093683
2011-03-24,130.89999389648438,0.009563398113163583
2011-03-25,131.3000030517578,0.003055837845109179
2011-03-28,130.97999572753906,-0.0024372225192759874
2011-03-29,131.86000061035156,0.006718620487994683
2011-03-30,132.77000427246094,0.00690128665173035
2011-03-31,132.58999633789062,-0.0013557876687336195
2011-04-01,133.14999389648438,0.0042235279739103355
2011-04-04,133.25999450683594,0.000826140558722676
2011-04-05,133.24000549316406,-0.00015000010877870483
2011-04-06,133.66000366210938,0.003152192672093973
2011-04-07,133.32000732421875,-0.002543740300577359
2011-04-08,132.86000061035156,-0.0034503952039884357
2011-04-11,132.4600067138672,-0.003010641988911824
2011-04-12,131.47000122070312,-0.007473995492863124
2011-04-13,131.4600067138672,-7.602119679879964e-05
2011-04-14,131.55999755859375,0.0007606179797647528
2011-04-15,132.0399932861328,0.0036484929799826394
2011-04-18,130.55999755859375,-0.011208692841508161
2011-04-19,131.30999755859375,0.005744485401536631
2011-04-20,133.10000610351562,0.013631928856925987
2011-04-21,133.77999877929688,0.005108885383915013
2011-04-25,133.63999938964844,-0.0010464896914777302
2011-04-26,134.7899932861328,0.008605162389528204
2011-04-27,135.6699981689453,0.006528710784519602
2011-04-28,136.11000061035156,0.003243181597587476
2011-04-29,136.42999267578125,0.0023509812945026994
2011-05-02,136.22000122070312,-0.0015391883482480185
2011-05-03,135.72999572753906,-0.003597162595602664
2011-05-04,134.8300018310547,-0.006630766409887759
2011-05-05,133.61000061035156,-0.00904844028877057
2011-05-06,134.1999969482422,0.004415809708819914
2011-05-09,134.72000122070312,0.003874845635514366
2011-05-10,135.8699951171875,0.008536177895369923
2011-05-11,134.44000244140625,-0.01052471279290093
2011-05-12,135.0800018310547,0.004760483323610263
2011-05-13,134.0399932861328,-0.007699204403495786
2011-05-16,133.19000244140625,-0.006341322644743066
2011-05-17,133.1699981689453,-0.00015019349871802802
2011-05-18,134.36000061035156,0.008935964990376891
2011-05-19,134.67999267578125,0.002381602143317006
2011-05-20,133.61000061035156,-0.007944699462566113
2011-05-23,132.05999755859375,-0.011600950862039923
2011-05-24,131.9499969482422,-0.0008329593547262962
2011-05-25,132.38999938964844,0.003334615017678571
2011-05-26,133.0,0.004607603392732234
2011-05-27,133.50999450683594,0.003834545164179981
2011-05-31,134.89999389648438,0.010411201009953358
2011-06-01,131.8699951171875,-0.022461074250469924
2011-06-02,131.72999572753906,-0.001061647037478281
2011-06-03,130.4199981689453,-0.009944565407132143
2011-06-06,129.0399932861328,-0.010581236790272376
2011-06-07,128.9600067138672,-0.0006198587757848303
2011-06-08,128.4199981689453,-0.004187410955398216
2011-06-09,129.39999389648438,0.007631176931258097
2011-06-10,127.5999984741211,-0.013910320767118558
2011-06-13,127.69999694824219,0.0007836871106340547
2011-06-14,129.32000732421875,0.012686064328045093
2011-06-15,127.0199966430664,-0.01778542028215307
2011-06-16,127.30000305175781,0.0022044277758740665
2011-06-17,127.05000305175781,-0.0019638648390161834
2011-06-20,127.69999694824219,0.005116047862034128
2011-06-21,129.4499969482422,0.013703994062813397
2011-06-22,128.6699981689453,-0.00602548318026412
2011-06-23,128.3000030517578,-0.002875535264263327
2011-06-24,126.80999755859375,-0.011613448618259001
2011-06-27,127.94000244140625,0.008911007842976817
2011-06-28,129.61000061035156,0.013052979029839673
2011-06-29,130.72000122070312,0.008564158669272548
2011-06-30,131.97000122070312,0.009562423411315177
2011-07-01,133.9199981689453,0.014776062212661985
2011-07-05,133.80999755859375,-0.000821390470845082
2011-07-06,133.97000122070312,0.0011957526719131085
2011-07-07,135.36000061035156,0.010375452541487574
2011-07-08,134.39999389648438,-0.0070922481496632885
2011-07-11,131.97000122070312,-0.018080303468263875
2011-07-12,131.39999389648438,-0.004319218905404759
2011-07-13,131.83999633789062,0.0033485727689826195
2011-07-14,130.92999267578125,-0.006902333793890142
2011-07-15,131.69000244140625,0.0058047033387299855
2011-07-18,130.61000061035156,-0.008201092042163339
2011-07-19,132.72999572753906,0.01623149151887745
2011-07-20,132.64999389648438,-0.0006027411559547619
2011-07-21,134.49000549316406,0.013871177394215119
2011-07-22,134.5800018310547,0.0006691674787328296
2011-07-25,133.8300018310547,-0.005572893370454209
2011-07-26,133.3300018310547,-0.00373608303937105
2011-07-27,130.60000610351562,-0.020475479562344107
2011-07-28,130.22000122070312,-0.0029096850310351605
2011-07-29,129.3300018310547,-0.006834582869800651
2011-08-01,128.77999877929688,-0.004252710461384575
2011-08-02,125.48999786376953,-0.02554745260687373
2011-08-03,126.16999816894531,0.0054187609909275925
2011-08-04,120.26000213623047,-0.0468415322064219
2011-08-05,120.08000183105469,-0.0014967595374884245
2011-08-08,112.26000213623047,-0.06512324763141232
2011-08-09,117.4800033569336,0.04649920827872884
2011-08-10,112.29000091552734,-0.0441777518990847
2011-08-11,117.33000183105469,0.04488379084900709
2011-08-12,118.12000274658203,0.006733153525940266
2011-08-15,120.62000274658203,0.021164916541388593
2011-08-16,119.58999633789062,-0.008539266997493028
2011-08-17,119.66999816894531,0.0006689675851201602
2011-08-18,114.51000213623047,-0.043118543592105416
2011-08-19,112.63999938964844,-0.016330475169822483
2011-08-22,112.7300033569336,0.0007990409070743263
2011-08-23,116.44000244140625,0.03291048499950629
2011-08-24,118.08000183105469,0.014084501505173888
2011-08-25,116.27999877929688,-0.015243928047470753
2011-08-26,117.97000122070312,0.014533904877432346
2011-08-29,121.36000061035156,0.028736113881242465
2011-08-30,121.68000030517578,0.0026367805966945913
2011-08-31,122.22000122070312,0.004437877335412649
2011-09-01,120.94000244140625,-0.010472907597059107
2011-09-02,117.8499984741211,-0.025549891722403597
2011-09-06,116.98999786376953,-0.007297417237900191
2011-09-07,120.29000091552734,0.028207565706604616
2011-09-08,119.04000091552734,-0.010391553666025842
2011-09-09,115.91999816894531,-0.0262097002905438
2011-09-12,116.66999816894531,0.006469979398265063
2011-09-13,117.73999786376953,0.009171164066316292
2011-09-14,119.37000274658203,0.013844104912406138
2011-09-15,121.43000030517578,0.0172572464705982
2011-09-16,121.5199966430664,0.0007411375909120296
2011-09-19,120.30999755859375,-0.009957201431026335
2011-09-20,120.16999816894531,-0.0011636554940519766
2011-09-21,116.62999725341797,-0.02945827552190278
2011-09-22,112.86000061035156,-0.03232441680397898
2011-09-23,113.54000091552734,0.006025166591337156
2011-09-26,116.23999786376953,0.02378013851040004
2011-09-27,117.54000091552734,0.011183784202072894
2011-09-28,115.13999938964844,-0.02041859373136911
2011-09-29,116.05000305175781,0.007903453768744661
2011-09-30,113.1500015258789,-0.024989241272018906
2011-10-03,109.93000030517578,-0.028457809785947443
2011-10-04,112.33999633789062,0.02192300578572249
2011-10-05,114.41999816894531,0.01851523855135763
2011-10-06,116.48999786376953,0.018091240412080663
2011-10-07,115.70999908447266,-0.006695843365102066
2011-10-10,119.58000183105469,0.03344570717485516
2011-10-11,119.69999694824219,0.0010034714446403154
2011-10-12,120.75,0.008771955543255609
2011-10-13,120.51000213623047,-0.001987559948401915
2011-10-14,122.56999969482422,0.017093996532047413
2011-10-17,120.2300033569336,-0.01909110176810612
2011-10-18,122.58000183105469,0.019545857177966808
2011-10-19,121.12999725341797,-0.011829046793743574
2011-10-20,121.66000366210938,0.004375517383877848
2011-10-21,123.97000122070312,0.01898732113315883
2011-10-24,125.48999786376953,0.012261003695243694
2011-10-25,123.05000305175781,-0.019443739370053607
2011-10-26,124.30000305175781,0.010158471913846437
2011-10-27,128.6300048828125,0.03483509030367199
2011-10-28,128.60000610351562,-0.00023321758655148295
2011-10-31,125.5,-0.024105800593977406
2011-11-01,122.0,-0.027888446215139442
2011-11-02,123.98999786376953,0.016311457899750255
2011-11-03,126.25,0.01822729393635107
2011-11-04,125.4800033569336,-0.006098983311417079
2011-11-07,126.26000213623047,0.006216120166000736
2011-11-08,127.87999725341797,0.01283062798810646
2011-11-09,123.16000366210938,-0.036909553430432514
2011-11-10,124.31999969482422,0.009418609923862164
2011-11-11,126.66000366210938,0.01882242578048025
2011-11-14,125.45999908447266,-0.00947421871894121
2011-11-15,126.08000183105469,0.004941836052179318
2011-11-16,124.08000183105469,-0.015862943932059663
2011-11-17,122.11000061035156,-0.015876863246548356
2011-11-18,121.9800033569336,-0.0010645913747292911
2011-11-21,119.66000366210938,-0.019019508370036006
2011-11-22,119.19000244140625,-0.003927805501580074
2011-11-23,116.55999755859375,-0.022065650045652186
2011-11-25,116.33999633789062,-0.0018874504573709535
2011-11-28,119.70999908447266,0.028966845905636834
2011-11-29,120.05000305175781,0.0028402303056174485
2011-11-30,124.98999786376953,0.04114947677162417
2011-12-01,124.97000122070312,-0.0001599859461410761
2011-12-02,124.86000061035156,-0.0008802161260869002
2011-12-05,126.22000122070312,0.010892204098217914
2011-12-06,126.26000213623047,0.00031691423815944817
2011-12-07,126.7300033569336,0.003722487032718476
2011-12-08,123.94999694824219,-0.021936450209517868
2011-12-09,126.05000305175781,0.016942365108669786
2011-12-12,124.20999908447266,-0.014597413111760308
2011-12-13,123.05000305175781,-0.009338990751670117
2011-12-14,121.73999786376953,-0.01064612072733766
2011-12-15,122.18000030517578,0.003614280015830336
2011-12-16,121.58999633789062,-0.004828973365620155
2011-12-19,120.29000091552734,-0.01069163139663792
2011-12-20,123.93000030517578,0.030260199201466435
2011-12-21,124.16999816894531,0.0019365598578111843
2011-12-22,125.2699966430664,0.00885881042395152
2011-12-23,126.38999938964844,0.008940710278561522
2011-12-27,126.48999786376953,0.0007911897666270881
2011-12-28,124.83000183105469,-0.01312353593762148
2011-12-29,126.12000274658203,0.010334061496476104
2011-12-30,125.5,-0.004915974731049028
2012-01-03,127.5,0.01593625498007968
2012-01-04,127.69999694824219,0.001568603515625
2012-01-05,128.0399932861328,0.002662461597617956
2012-01-06,127.70999908447266,-0.0025772744373917097
2012-01-09,128.02000427246094,0.002427415160994802
2012-01-10,129.1300048828125,0.008670524709475741
2012-01-11,129.1999969482422,0.0005420279004341895
2012-01-12,129.50999450683594,0.002399361965294285
2012-01-13,128.83999633789062,-0.005173331768691782
2012-01-17,129.33999633789062,0.003880782476031123
2012-01-18,130.77000427246094,0.011056192786912786
2012-01-19,131.4600067138672,0.005276458047432814
2012-01-20,131.9499969482422,0.0037272950658027992
2012-01-23,131.61000061035156,-0.002576705917045149
2012-01-24,131.4600067138672,-0.001139684642419016
2012-01-25,132.55999755859375,0.008367494207731004
2012-01-26,131.8800048828125,-0.005129697407248984
2012-01-27,131.82000732421875,-0.00045494052450986293
2012-01-30,131.3699951171875,-0.0034138384314030537
2012-01-31,131.32000732421875,-0.0003805114929338226
2012-02-01,132.47000122070312,0.008757187270368717
2012-02-02,132.67999267578125,0.0015852000690199013
2012-02-03,134.5399932861328,0.014018696962824583
2012-02-06,134.4499969482422,-0.0006689188522495714
2012-02-07,134.7899932861328,0.0025287939427883353
2012-02-08,135.19000244140625,0.0029676472675853336
2012-02-09,135.36000061035156,0.0012574758922649827
2012-02-10,134.36000061035156,-0.007387706822480065
2012-02-13,135.36000061035156,0.00744269124335622
2012-02-14,135.19000244140625,-0.001255896632526404
2012-02-15,134.55999755859375,-0.004660144030144206
2012-02-16,136.0500030517578,0.011073168253553542
2012-02-17,136.41000366210938,0.002646090424669867
2012-02-21,136.47000122070312,0.00043983254147815504
2012-02-22,136.02999877929688,-0.0032241696890928117
2012-02-23,136.6300048828125,0.004410836645592495
2012-02-24,136.92999267578125,0.002195621622249442
2012-02-27,137.16000366210938,0.0016797706757550053
2012-02-28,137.55999755859375,0.0029162575517987814
2012-02-29,137.02000427246094,-0.003925511018585196
2012-03-01,137.72999572753906,0.0051816627714178455
2012-03-02,137.30999755859375,-0.0030494313655259485
2012-03-05,136.75,-0.0040783451208990405
2012-03-06,134.75,-0.014625228519195612
2012-03-07,135.69000244140625,0.006975899379638219
2012-03-08,137.0399932861328,0.009949081144054931
2012-03-09,137.57000732421875,0.0038675865736456515
2012-03-12,137.5800018310547,7.265033294926633e-05
2012-03-13,140.05999755859375,0.018025844559767083
2012-03-14,139.91000366210938,-0.0010709260252673176
2012-03-15,140.72000122070312,0.005789418464672049
2012-03-16,140.3000030517578,-0.0029846373315943462
2012-03-19,140.85000610351562,0.003920192728398672
2012-03-20,140.44000244140625,-0.002910923992492048
2012-03-21,140.2100067138672,-0.0016376796036800148
2012-03-22,139.1999969482422,-0.007203549798597271
2012-03-23,139.64999389648438,0.0032327367680152095
2012-03-26,141.61000061035156,0.014035136409100335
2012-03-27,141.1699981689453,-0.003107142429982351
2012-03-28,140.47000122070312,-0.0049585390474006065
2012-03-29,140.22999572753906,-0.0017085889590544787
2012-03-30,140.80999755859375,0.004136075367081994
2012-04-02,141.83999633789062,0.007314812848201867
2012-04-03,141.25999450683594,-0.004089127510078396
2012-04-04,139.86000061035156,-0.00991075995275241
2012-04-05,139.7899932861328,-0.0005005528665325095
2012-04-09,138.22000122070312,-0.01123107619167066
2012-04-10,135.89999389648438,-0.016784888610399246
2012-04-11,137.0,0.008094232177475331
2012-04-12,138.7899932861328,0.013065644424327099
2012-04-13,137.13999938964844,-0.011888421185255824
2012-04-16,137.0500030517578,-0.0006562369716432862
2012-04-17,139.0800018310547,0.01481210313092976
2012-04-18,138.61000061035156,-0.0033793587468747078
2012-04-19,137.72000122070312,-0.006420888721805339
2012-04-20,137.9499969482422,0.0016700241468229654
2012-04-23,136.7899932861328,-0.008408870516645243
2012-04-24,137.30999755859375,0.003801478894535872
2012-04-25,139.19000244140625,0.013691682442935395
2012-04-26,140.16000366210938,0.006968900091164658
2012-04-27,140.38999938964844,0.001640951209544233
2012-04-30,139.8699951171875,-0.0037039979679583906
2012-05-01,140.74000549316406,0.006220135885810537
2012-05-02,140.32000732421875,-0.002984213106100187
2012-05-03,139.25,-0.007625479392588875
2012-05-04,137.0,-0.01615798922800718
2012-05-07,137.10000610351562,0.0007299715585082117
2012-05-08,136.5500030517578,-0.004011692394401059
2012-05-09,135.74000549316406,-0.005931875067675605
2012-05-10,136.02000427246094,0.0020627579782363857
2012-05-11,135.61000061035156,-0.003014289437074997
2012-05-14,134.11000061035156,-0.011061131135232072
2012-05-15,133.33999633789062,-0.0057415872713186995
2012-05-16,132.8300018310547,-0.0038247676679365157
2012-05-17,130.86000061035156,-0.014830995961354817
2012-05-18,129.74000549316406,-0.008558727739291358
2012-05-21,131.97000122070312,0.017188188940353944
2012-05-22,132.1999969482422,0.001742787947348911
2012-05-23,132.27000427246094,0.0005295561712165445
2012-05-24,132.52999877929688,0.0019656346748154543
2012-05-25,132.10000610351562,-0.003244493169409288
2012-05-29,133.6999969482422,0.012111966470862877
2012-05-30,131.75999450683594,-0.014510115824140683
2012-05-31,131.47000122070312,-0.002200920599748258
2012-06-01,128.16000366210938,-0.025176827625011926
2012-06-04,128.10000610351562,-0.0004681457309562198
2012-06-05,129.07000732421875,0.007572218380062231
2012-06-06,131.97000122070312,0.02246837942140737
2012-06-07,132.0500030517578,0.000606212247591743
2012-06-08,133.10000610351562,0.007951556436891995
2012-06-11,131.41000366210938,-0.012697237895630804
2012-06-12,132.9199981689453,0.011490712006359436
2012-06-13,132.07000732421875,-0.006394755164277076
2012-06-14,133.47000122070312,0.010600392358936795
2012-06-15,134.13999938964844,0.005019840884225497
2012-06-18,134.39999389648438,0.0019382325034959054
2012-06-19,135.6999969482422,0.009672642193414696
2012-06-20,135.47999572753906,-0.0016212323187231642
2012-06-21,132.44000244140625,-0.022438687496318485
2012-06-22,133.4600067138672,0.007701632842480542
2012-06-25,131.32000732421875,-0.016034761591436967
2012-06-26,131.97999572753906,0.005025802364531195
2012-06-27,133.1699981689453,0.009016536444378312
2012-06-28,132.7899932861328,-0.00285353223727171
2012-06-29,136.10000610351562,0.024926673580368916
2012-07-02,136.50999450683594,0.0030124054734316577
2012-07-03,137.41000366210938,0.00659299092733
2012-07-05,136.7899932861328,-0.004512119637964391
2012-07-06,135.49000549316406,-0.009503529912816637
2012-07-09,135.32000732421875,-0.0012546915791061023
2012-07-10,134.13999938964844,-0.008720129106578328
2012-07-11,134.16000366210938,0.00014912980879647466
2012-07-12,133.50999450683594,-0.0048450293495111065
2012-07-13,135.75,0.01677781128999575
2012-07-16,135.42999267578125,-0.0023573283552025784
2012-07-17,136.36000061035156,0.006867075130076592
2012-07-18,137.3699951171875,0.007406823865614337
2012-07-19,137.72999572753906,0.002620664068921699
2012-07-20,136.47000122070312,-0.009148294096577846
2012-07-23,135.08999633789062,-0.010112148241141415
2012-07-24,133.92999267578125,-0.008586895355359576
2012-07-25,133.9600067138672,0.00022410243953791375
2012-07-26,136.1699981689453,0.01649739731499545
2012-07-27,138.67999267578125,0.01843280120869064
2012-07-30,138.67999267578125,0.0
2012-07-31,137.7100067138672,-0.006994418900654143
2012-08-01,137.58999633789062,-0.0008714717168369554
2012-08-02,136.63999938964844,-0.006904549556852992
2012-08-03,139.35000610351562,0.019833187397339025
2012-08-06,139.6199951171875,0.0019374883519654436
2012-08-07,140.32000732421875,0.005013695971294853
2012-08-08,140.49000549316406,0.001211503421265653
2012-08-09,140.61000061035156,0.0008541185315373819
2012-08-10,140.83999633789062,0.0016356996411401087
2012-08-13,140.77000427246094,-0.0004969615680887185
2012-08-14,140.7899932861328,0.00014199767752500866
2012-08-15,140.9499969482422,0.0011364704150826509
2012-08-16,141.99000549316406,0.007378563798790101
2012-08-17,142.17999267578125,0.0013380320816054495
2012-08-20,142.19000244140625,7.040206879054827e-05
2012-08-21,141.75999450683594,-0.0030241784034535793
2012-08-22,141.82000732421875,0.0004233409968135867
2012-08-23,140.66000366210938,-0.008179407715425212
2012-08-24,141.50999450683594,0.006042875178422385
2012-08-27,141.5399932861328,0.00021199053396490553
2012-08-28,141.39999389648438,-0.000989115418180211
2012-08-29,141.50999450683594,0.0007779392864195692
2012-08-30,140.49000549316406,-0.007207893811504616
2012-08-31,141.16000366210938,0.004769009486428649
2012-09-04,141.02999877929688,-0.0009209753431551966
2012-09-05,140.91000366210938,-0.0008508481757507837
2012-09-06,143.77000427246094,0.02029664705147272
2012-09-07,144.3300018310547,0.0038950931484462454
2012-09-10,143.50999450683594,-0.0056814751875262125
2012-09-11,143.91000366210938,0.002787326113752889
2012-09-12,144.38999938964844,0.003335388196265069
2012-09-13,146.58999633789062,0.015236491152723899
2012-09-14,147.24000549316406,0.004434198591390666
2012-09-17,146.74000549316406,-0.003395816227561969
2012-09-18,146.6199951171875,-0.0008178436110400257
2012-09-19,146.6999969482422,0.0005456406610213377
2012-09-20,146.7100067138672,6.823289593204003e-05
2012-09-21,145.8699951171875,-0.005725659861211694
2012-09-24,145.64999389648438,-0.0015082006448713645
2012-09-25,144.10000610351562,-0.010641866515081005
2012-09-26,143.2899932861328,-0.005621185170533109
2012-09-27,144.63999938964844,0.00942149603440783
2012-09-28,143.97000122070312,-0.0046321776256399985
2012-10-01,144.35000610351562,0.0026394726650724974
2012-10-02,144.5,0.0010390986501019755
2012-10-03,145.08999633789062,0.004083019639381488
2012-10-04,146.1300048828125,0.00716802378642196
2012-10-05,146.13999938964844,6.839462466283017e-05
2012-10-08,145.63999938964844,-0.0034213767762983622
2012-10-09,144.1999969482422,-0.00988741037792534
2012-10-10,143.27999877929688,-0.006380015176252245
2012-10-11,143.36000061035156,0.0005583600763280248
2012-10-12,142.88999938964844,-0.003278468322419829
2012-10-15,144.0800018310547,0.00832810166204297
2012-10-16,145.5399932861328,0.01013319986482289
2012-10-17,146.1999969482422,0.004534861155392542
2012-10-18,145.82000732421875,-0.002599108289707842
2012-10-19,143.38999938964844,-0.016664434319821356
2012-10-22,143.41000366210938,0.000139509537248674
2012-10-23,141.4199981689453,-0.013876336673505333
2012-10-24,141.02000427246094,-0.002828411127586978
2012-10-25,141.42999267578125,0.002907306700460631
2012-10-26,141.35000610351562,-0.000565555938682602
2012-10-31,141.35000610351562,0.0
2012-11-01,142.8300018310547,0.010470432710524322
2012-11-02,141.55999755859375,-0.008891719219909775
2012-11-05,141.85000610351562,0.002048661697679362
2012-11-06,142.9600067138672,0.007825171396478722
2012-11-07,139.72000122070312,-0.022663719508973557
2012-11-08,138.0399932861328,-0.0120241047802208
2012-11-09,138.16000366210938,0.0008693884512715234
2012-11-12,138.27000427246094,0.0007961827405606125
2012-11-13,137.7899932861328,-0.0034715482136115634
2012-11-14,135.92999267578125,-0.013498807612894724
2012-11-15,135.6999969482422,-0.0016920160371644087
2012-11-16,136.3699951171875,0.004937348445194578
2012-11-19,139.1300048828125,0.020239127846658843
2012-11-20,139.19000244140625,0.0004312337848639135
2012-11-21,139.4499969482422,0.0018679107858007647
2012-11-23,141.35000610351562,0.013625021131973484
2012-11-26,141.0500030517578,-0.0021224127258835036
2012-11-27,140.3300018310547,-0.005104581390465642
2012-11-28,141.4600067138672,0.008052482491754893
2012-11-29,142.1199951171875,0.004665547660090804
2012-11-30,142.14999389648438,0.00021108063838687151
2012-12-03,141.4499969482422,-0.0049243544023782025
2012-12-04,141.25,-0.001413905638438212
2012-12-05,141.5,0.0017699115044247787
2012-12-06,141.97999572753906,0.0033921959543396643
2012-12-07,142.41000366210938,0.0030286515531068314
2012-12-10,142.47000122070312,0.00042130157328065137
2012-12-11,143.44000244140625,0.006808459411749963
2012-12-12,143.50999450683594,0.00048795359898490335
2012-12-13,142.6300048828125,-0.006131904799017466
2012-12-14,142.10000610351562,-0.0037158996084472686
2012-12-17,143.77000427246094,0.011752273731281676
2012-12-18,145.3699951171875,0.01112882240508523
2012-12-19,144.2899932861328,-0.007429331136621851
2012-12-20,145.1199951171875,0.005752317344756963
2012-12-21,142.7899932861328,-0.01605569121727961
2012-12-24,142.35000610351562,-0.003081358661706144
2012-12-26,141.75,-0.004215005815168747
2012-12-27,141.55999755859375,-0.0013404052303791886
2012-12-28,140.02999877929688,-0.010808129455240956
2012-12-31,142.41000366210938,0.016996392941227238
2013-01-02,146.05999755859375,0.0256301790788839
2013-01-03,145.72999572753906,-0.0022593580485464767
2013-01-04,146.3699951171875,0.0043916791903637915
2013-01-07,145.97000122070312,-0.002732758829185789
2013-01-08,145.5500030517578,-0.002877290987415184
2013-01-09,145.9199981689453,0.002542048158225934
2013-01-10,147.0800018310547,0.007949586599955474
2013-01-11,147.07000732421875,-6.795286042638086e-05
2013-01-14,146.97000122070312,-0.000679989790815469
2013-01-15,147.07000732421875,0.0006804524915628667
2013-01-16,147.0500030517578,-0.00013601870853815681
2013-01-17,148.0,0.0064603667359858065
2013-01-18,148.3300018310547,0.0022297421017208616
2013-01-22,149.1300048828125,0.005393400134040329
2013-01-23,149.3699951171875,0.0016092686013360368
2013-01-24,149.41000366210938,0.0002678486056753667
2013-01-25,150.25,0.005622088998741183
2013-01-28,150.07000732421875,-0.001197954580906822
2013-01-29,150.66000366210938,0.0039314740394192655
2013-01-30,150.07000732421875,-0.00391607808011097
2013-01-31,149.6999969482422,-0.0024655851130677537
2013-02-01,151.24000549316406,0.010287298438986094
2013-02-04,149.5399932861328,-0.011240492893978963
2013-02-05,151.0500030517578,0.010097698498191832
2013-02-06,151.16000366210938,0.0007282397095607499
2013-02-07,150.9600067138672,-0.0013230811285850734
2013-02-08,151.8000030517578,0.005564363411050795
2013-02-11,151.77000427246094,-0.0001976204130025386
2013-02-12,152.02000427246094,0.0016472293138451413
2013-02-13,152.14999389648438,0.0008550823600192838
2013-02-14,152.2899932861328,0.0009201406195499845
2013-02-15,152.11000061035156,-0.0011819074378909946
2013-02-19,153.25,0.007494572250832382
2013-02-20,151.33999633789062,-0.012463319165477162
2013-02-21,150.4199981689453,-0.006079015403775154
2013-02-22,151.88999938964844,0.009772644851730967
2013-02-25,149.0,-0.01902692343973632
2013-02-26,150.02000427246094,0.006845666258127097
2013-02-27,151.91000366210938,0.012598315796711274
2013-02-28,151.61000061035156,-0.0019748735733369064
2013-03-01,152.11000061035156,0.00329793547910494
2013-03-04,152.9199981689453,0.005325077610568539
2013-03-05,154.2899932861328,0.008958900952077803
2013-03-06,154.5,0.0013611168773449054
2013-03-07,154.77999877929688,0.0018122898336367314
2013-03-08,155.44000244140625,0.004264140504681642
2013-03-11,156.02999877929688,0.003795653169222167
2013-03-12,155.67999267578125,-0.0022431975021079483
2013-03-13,155.89999389648438,0.001413163097722512
2013-03-14,156.72999572753906,0.00532393754682119
2013-03-15,155.8300018310547,-0.005742320685371121
2013-03-18,154.97000122070312,-0.0055188384794087626
2013-03-19,154.61000061035156,-0.002323034184137752
2013-03-20,155.69000244140625,0.006985329712121988
2013-03-21,154.36000061035156,-0.008542628365332785
2013-03-22,155.60000610351562,0.008033204769765375
2013-03-25,154.9499969482422,-0.004177436566686299
2013-03-26,156.19000244140625,0.008002617086712564
2013-03-27,156.19000244140625,0.0
2013-03-28,156.6699981689453,0.0030731526988683547
2013-04-01,156.0500030517578,-0.003957331489331655
2013-04-02,156.82000732421875,0.00493434320668066
2013-04-03,155.22999572753906,-0.01013908635645199
2013-04-04,155.86000061035156,0.004058525414883665
2013-04-05,155.16000366210938,-0.004491190462600939
2013-04-08,156.2100067138672,0.0067672275520461785
2013-04-09,156.75,0.0034568418342233887
2013-04-10,158.6699981689453,0.012248792146381578
2013-04-11,159.19000244140625,0.003277269039275202
2013-04-12,158.8000030517578,-0.0024498987603947444
2013-04-15,155.1199951171875,-0.02317385304691011
2013-04-16,157.41000366210938,0.014762819862080688
2013-04-17,155.11000061035156,-0.014611543092870488
2013-04-18,154.13999938964844,-0.006253634303953385
2013-04-19,155.47999572753906,0.008693371890467354
2013-04-22,156.1699981689453,0.0044378856468159445
2013-04-23,157.77999877929688,0.010309282379640279
2013-04-24,157.8800048828125,0.0006338325788398175
2013-04-25,158.52000427246094,0.004053707688465562
2013-04-26,158.24000549316406,-0.0017663308841174318
2013-04-29,159.3000030517578,0.0066986698799093615
2013-04-30,159.67999267578125,0.0023853711032257537
2013-05-01,158.27999877929688,-0.008767497248869256
2013-05-02,159.75,0.00928734667702943
2013-05-03,161.3699951171875,0.010140814505086072
2013-05-06,161.77999877929688,0.002540767642780362
2013-05-07,162.60000610351562,0.005068657005847913
2013-05-08,163.33999633789062,0.004550985280430444
2013-05-09,162.8800048828125,-0.0028161593326264753
2013-05-10,163.41000366210938,0.0032539216810448524
2013-05-13,163.5399932861328,0.0007954814338797961
2013-05-14,165.22999572753906,0.010333878627776315
2013-05-15,166.1199951171875,0.005386427480855405
2013-05-16,165.33999633789062,-0.004695393704693005
2013-05-17,166.94000244140625,0.00967706628132394
2013-05-20,166.92999267578125,-5.996025804847641e-05
2013-05-21,167.1699981689453,0.0014377613592196801
2013-05-22,165.92999267578125,-0.007417631792463671
2013-05-23,165.4499969482422,-0.0028927604937399693
2013-05-24,165.30999755859375,-0.000846173419345747
2013-05-28,166.3000030517578,0.005988781729992811
2013-05-29,165.22000122070312,-0.006494298323726169
2013-05-30,165.8300018310547,0.003692050634576109
2013-05-31,163.4499969482422,-0.014352076563547386
2013-06-03,164.35000610351562,0.005506327146389809
2013-06-04,163.55999755859375,-0.004806866538382051
2013-06-05,161.27000427246094,-0.01400093739493023
2013-06-06,162.72999572753906,0.009053087470696115
2013-06-07,164.8000030517578,0.012720502541428133
2013-06-10,164.8000030517578,0.0
2013-06-11,163.10000610351562,-0.010315515271612459
2013-06-12,161.75,-0.00827716770690253
2013-06-13,164.2100067138672,0.015208696839982612
2013-06-14,163.17999267578125,-0.006272541233621148
2013-06-17,164.44000244140625,0.007721594694078003
2013-06-18,165.74000549316406,0.00790563751190063
2013-06-19,163.4499969482422,-0.013816872625941395
2013-06-20,159.39999389648438,-0.02477823877256039
2013-06-21,159.07000732421875,-0.002070179328111649
2013-06-24,157.05999755859375,-0.01263600724885974
2013-06-25,158.57000732421875,0.009614222520675047
2013-06-26,160.13999938964844,0.009900939603411995
2013-06-27,161.0800018310547,0.005869879136936055
2013-06-28,160.4199981689453,-0.004097365623335451
2013-07-01,161.36000061035156,0.005859633787155965
2013-07-02,161.2100067138672,-0.0009295605845129911
2013-07-03,161.27999877929688,0.0004341670027588109
2013-07-05,163.02000427246094,0.010788724617645662
2013-07-08,163.9499969482422,0.005704776416438569
2013-07-09,165.1300048828125,0.0071973647852084585
2013-07-10,165.19000244140625,0.00036333529231303755
2013-07-11,167.44000244140625,0.013620679016565102
2013-07-12,167.50999450683594,0.0004180128070302701
2013-07-15,168.14999389648438,0.003820663904459263
2013-07-16,167.52000427246094,-0.003746593201848514
2013-07-17,167.9499969482422,0.0025668139017110667
2013-07-18,168.8699951171875,0.00547780997714952
2013-07-19,169.1699981689453,0.001776532601600569
2013-07-22,169.5,0.0019507113236776415
2013-07-23,169.13999938964844,-0.0021238974062039086
2013-07-24,168.52000427246094,-0.0036655736042614908
2013-07-25,168.92999267578125,0.0024328767678966387
2013-07-26,169.11000061035156,0.0010655771170001325
2013-07-29,168.58999633789062,-0.003074946901922647
2013-07-30,168.58999633789062,0.0
2013-07-31,168.7100067138672,0.0007118475507647315
2013-08-01,170.66000366210938,0.01155827675088289
2013-08-02,170.9499969482422,0.0016992457512597487
2013-08-05,170.6999969482422,-0.001462415937191806
2013-08-06,169.72999572753906,-0.00568249114261694
2013-08-07,169.17999267578125,-0.003240458761577482
2013-08-08,169.8000030517578,0.0036647972740178475
2013-08-09,169.30999755859375,-0.002885780237675855
2013-08-12,169.11000061035156,-0.0011812471273172974
2013-08-13,169.61000061035156,0.002956655420704871
2013-08-14,168.74000549316406,-0.005129385732308068
2013-08-15,166.3800048828125,-0.013986017147825505
2013-08-16,165.8300018310547,-0.003305704024622428
2013-08-19,164.77000427246094,-0.006392073490258179
2013-08-20,165.5800018310547,0.004915928491780285
2013-08-21,164.55999755859375,-0.006160190005926397
2013-08-22,166.05999755859375,0.009115216469700696
2013-08-23,166.6199951171875,0.003372260428922123
2013-08-26,166.0,-0.003721012695693838
2013-08-27,163.3300018310547,-0.016084326318947666
2013-08-28,163.91000366210938,0.0035511040504036108
2013-08-29,164.1699981689453,0.001586202800482517
2013-08-30,163.64999389648438,-0.003167474436625184
2013-09-03,164.38999938964844,0.004521879136959501
2013-09-04,165.75,0.00827301305067832
2013-09-05,165.9600067138672,0.0012670088317779035
2013-09-06,166.0399932861328,0.00048196293703175373
2013-09-09,167.6300048828125,0.009576076011636896
2013-09-10,168.8699951171875,0.007397185457590708
2013-09-11,169.39999389648438,0.0031385017742736466
2013-09-12,168.9499969482422,-0.0026564165552282614
2013-09-13,169.3300018310547,0.0022492150913084328
2013-09-16,170.30999755859375,0.005787490208125267
2013-09-17,171.07000732421875,0.004462508229227852
2013-09-18,173.0500030517578,0.011574183917502822
2013-09-19,172.75999450683594,-0.0016758655868681833
2013-09-20,170.72000122070312,-0.011808250468843885
2013-09-23,169.92999267578125,-0.00462751018786937
2013-09-24,169.52999877929688,-0.0023538746173404792
2013-09-25,169.0399932861328,-0.002890376315061369
2013-09-26,169.69000244140625,0.003845298042417522
2013-09-27,168.91000366210938,-0.0045966101012121065
2013-09-30,168.00999450683594,-0.005328335419812269
2013-10-01,169.33999633789062,0.007916206621866016
2013-10-02,169.17999267578125,-0.0009448663373661207
2013-10-03,167.6199951171875,-0.009220934070988817
2013-10-04,168.88999938964844,0.007576687205921015
2013-10-07,167.42999267578125,-0.008644719753351328
2013-10-08,165.47999572753906,-0.011646640587378193
2013-10-09,165.60000610351562,0.0007252258827354469
2013-10-10,169.1699981689453,0.02155792230586094
2013-10-11,170.25999450683594,0.006443201215868528
2013-10-14,170.94000244140625,0.003993938426580944
2013-10-15,169.6999969482422,-0.007254039285445218
2013-10-16,172.07000732421875,0.013965883433099919
2013-10-17,173.22000122070312,0.006683290797550365
2013-10-18,174.38999938964844,0.006754405730863574
2013-10-21,174.39999389648438,5.731123843636392e-05
2013-10-22,175.41000366210938,0.0057913406019067535
2013-10-23,174.57000732421875,-0.0047887595938296765
2013-10-24,175.14999389648438,0.0033223723889089928
2013-10-25,175.9499969482422,0.004567531142653783
2013-10-28,176.22999572753906,0.0015913542719710307
2013-10-29,177.1699981689453,0.005333952585798979
2013-10-30,176.2899932861328,-0.004967008477210386
2013-10-31,175.7899932861328,-0.0028362358559311978
2013-11-01,176.2100067138672,0.0023892908798893945
2013-11-04,176.8300018310547,0.003518501183614723
2013-11-05,176.27000427246094,-0.0031668696080701156
2013-11-06,177.1699981689453,0.005105768847053821
2013-11-07,174.92999267578125,-0.012643255157840233
2013-11-08,177.2899932861328,0.013491114783990387
2013-11-11,177.32000732421875,0.00016929346958402262
2013-11-12,176.9600067138672,-0.0020302311949114884
2013-11-13,178.3800048828125,0.008024401644838074
2013-11-14,179.27000427246094,0.0049893450234690054
2013-11-15,180.0500030517578,0.004350972057274039
2013-11-18,179.4199981689453,-0.003499055107660268
2013-11-19,179.02999877929688,-0.002173667337133771
2013-11-20,178.47000122070312,-0.003127953764240926
2013-11-21,179.91000366210938,0.008068596579575777
2013-11-22,180.80999755859375,0.005002467223416113
2013-11-25,180.6300048828125,-0.0009954796649058143
2013-11-26,180.67999267578125,0.0002767413586750475
2013-11-27,181.1199951171875,0.0024352582424320016
2013-11-29,181.0,-0.0006625172284808271
2013-12-02,180.52999877929688,-0.0025966918270890886
2013-12-03,179.75,-0.004320604800149841
2013-12-04,179.72999572753906,-0.00011128941563803894
2013-12-05,178.94000244140625,-0.0043954448612484225
2013-12-06,180.94000244140625,0.011176930662303406
2013-12-09,181.39999389648438,0.0025422319491074613
2013-12-10,180.75,-0.0035832079291871037
2013-12-11,178.72000122070312,-0.011230975265819503
2013-12-12,178.1300048828125,-0.0033012328438943583
2013-12-13,178.11000061035156,-0.00011230153209785087
2013-12-16,179.22000122070312,0.006232107161573107
2013-12-17,178.64999389648438,-0.0031804894561785323
2013-12-18,181.6999969482422,0.017072505770837493
2013-12-19,181.49000549316406,-0.0011557042300773496
2013-12-20,181.55999755859375,0.00038565245088564284
2013-12-23,182.52999877929688,0.005342593268046737
2013-12-24,182.92999267578125,0.0021913871646272293
2013-12-26,183.86000061035156,0.005083955457313259
2013-12-27,183.85000610351562,-5.435933211551831e-05
2013-12-30,183.82000732421875,-0.00016316985749777115
2013-12-31,184.69000244140625,0.004732864119916047
2014-01-02,182.9199981689453,-0.009583649624036794
2014-01-03,182.88999938964844,-0.00016399945111068753
2014-01-06,182.36000061035156,-0.0028979101157286836
2014-01-07,183.47999572753906,0.00614167094449946
2014-01-08,183.52000427246094,0.00021805398873720377
2014-01-09,183.63999938964844,0.000653853064483099
2014-01-10,184.13999938964844,0.002722718371061944
2014-01-13,181.69000244140625,-0.01330507742132596
2014-01-14,183.6699981689453,0.010897659204873407
2014-01-15,184.66000366210938,0.00539013177456138
2014-01-16,184.4199981689453,-0.0012997156309128219
2014-01-17,183.63999938964844,-0.004229469618486418
2014-01-21,184.17999267578125,0.002940499280807835
2014-01-22,184.3000030517578,0.0006515929023182292
2014-01-23,182.7899932861328,-0.008193216172660275
2014-01-24,178.88999938964844,-0.021335926690360267
2014-01-27,178.00999450683594,-0.004919251416037636
2014-01-28,179.07000732421875,0.005954793832332296
2014-01-29,177.35000610351562,-0.009605188754970802
2014-01-30,179.22999572753906,0.010600448600639604
2014-01-31,178.17999267578125,-0.005858411408735404
2014-02-03,174.1699981689453,-0.022505301782858294
2014-02-04,175.38999938964844,0.007004657711023921
2014-02-05,175.1699981689453,-0.0012543544185456535
2014-02-06,177.47999572753906,0.013187175787750128
2014-02-07,179.67999267578125,0.012395746006324815
2014-02-10,180.00999450683594,0.0018366086626581206
2014-02-11,181.97999572753906,0.010943843568798696
2014-02-12,182.07000732421875,0.0004946235783764558
2014-02-13,183.00999450683594,0.005162778847717174
2014-02-14,184.02000427246094,0.005518877634780068
2014-02-18,184.24000549316406,0.001195528831623056
2014-02-19,183.02000427246094,-0.006621804083415484
2014-02-20,184.10000610351562,0.00590100429375411
2014-02-21,183.88999938964844,-0.0011407208414165129
2014-02-24,184.91000366210938,0.0055468175313853185
2014-02-25,184.83999633789062,-0.0003786021460833245
2014-02-26,184.85000610351562,5.4153677901518565e-05
2014-02-27,185.82000732421875,0.0052475044018117385
2014-02-28,186.2899932861328,0.0025292538122336362
2014-03-03,184.97999572753906,-0.007032033956765753
2014-03-04,187.5800018310547,0.014055606895705787
2014-03-05,187.75,0.000906270216898828
2014-03-06,188.17999267578125,0.002290240616677763
2014-03-07,188.25999450683594,0.0004251346273167526
2014-03-10,188.16000366210938,-0.0005311316670782741
2014-03-11,187.22999572753906,-0.0049426441138914175
2014-03-12,187.27999877929688,0.00026706752603134154
2014-03-13,185.17999267578125,-0.011213189434021787
2014-03-14,184.66000366210938,-0.0028080194094309507
2014-03-17,186.3300018310547,0.009043637689951924
2014-03-18,187.66000366210938,0.0071378834218045
2014-03-19,186.66000366210938,-0.005328785998536731
2014-03-20,187.75,0.005839474533943162
2014-03-21,186.1999969482422,-0.008255675375540946
2014-03-24,185.42999267578125,-0.00413536135918936
2014-03-25,186.30999755859375,0.0047457526698561755
2014-03-26,184.97000122070312,-0.007192294323707462
2014-03-27,184.5800018310547,-0.0021084467052746394
2014-03-28,185.49000549316406,0.004930131396045264
2014-03-31,187.00999450683594,0.008194452362167252
2014-04-01,188.25,0.006630691030359533
2014-04-02,188.8800048828125,0.0033466394837317398
2014-04-03,188.6300048828125,-0.0013235916642161693
2014-04-04,186.39999389648438,-0.011822143501048692
2014-04-07,184.33999633789062,-0.011051489410121719
2014-04-08,185.10000610351562,0.004122869592727565
2014-04-09,187.08999633789062,0.010750892321754515
2014-04-10,183.16000366210938,-0.021005894236501857
2014-04-11,181.50999450683594,-0.009008566948477178
2014-04-14,182.94000244140625,0.007878397762369259
2014-04-15,184.1999969482422,0.0068874739806538505
2014-04-16,186.1300048828125,0.0104777848346687
2014-04-17,186.38999938964844,0.001396843604015538
2014-04-21,187.0399932861328,0.003487278816529004
2014-04-22,187.88999938964844,0.004544515258911981
2014-04-23,187.4499969482422,-0.0023418087329585215
2014-04-24,187.8300018310547,0.00202723333688517
2014-04-25,186.2899932861328,-0.008198948676511482
2014-04-28,186.8800048828125,0.003167167416091196
2014-04-29,187.75,0.004655367585917235
2014-04-30,188.30999755859375,0.0029826767435086553
2014-05-01,188.3300018310547,0.00010623053858153789
2014-05-02,188.05999755859375,-0.0014336763650814935
2014-05-05,188.4199981689453,0.0019142859461082217
2014-05-06,186.77999877929688,-0.0087039560852662
2014-05-07,187.8800048828125,0.005889314223710939
2014-05-08,187.67999267578125,-0.001064574206052447
2014-05-09,187.9600067138672,0.0014919759644794108
2014-05-12,189.7899932861328,0.009736042279735744
2014-05-13,189.9600067138672,0.0008957976381718814
2014-05-14,189.05999755859375,-0.004737887573509632
2014-05-15,187.39999389648438,-0.008780300875624968
2014-05-16,188.0500030517578,0.003468565509305663
2014-05-19,188.74000549316406,0.0036692498282828406
2014-05-20,187.5500030517578,-0.00630498255150973
2014-05-21,189.1300048828125,0.008424429780567145
2014-05-22,189.58999633789062,0.0024321442563444225
2014-05-23,190.35000610351562,0.004008701831875651
2014-05-27,191.52000427246094,0.006146562287521269
2014-05-28,191.3800048828125,-0.0007309909488581205
2014-05-29,192.3699951171875,0.005172903172309978
2014-05-30,192.67999267578125,0.0016114652308688079
2014-06-02,192.89999389648438,0.0011417958743299135
2014-06-03,192.8000030517578,-0.0005183558729411907
2014-06-04,193.19000244140625,0.0020228183790211916
2014-06-05,194.4499969482422,0.006522048195625903
2014-06-06,195.3800048828125,0.004782761373958045
2014-06-09,195.5800018310547,0.0010236305826798614
2014-06-10,195.60000610351562,0.00010228178890302664
2014-06-11,194.9199981689453,-0.003476523074393147
2014-06-12,193.5399932861328,-0.007079852738436782
2014-06-13,194.1300048828125,0.0030485254580297745
2014-06-16,194.2899932861328,0.0008241302183909708
2014-06-17,194.8300018310547,0.002779394531794538
2014-06-18,196.25999450683594,0.0073396944122664275
2014-06-19,196.47999572753906,0.001120968240399406
2014-06-20,195.94000244140625,-0.002748337224526547
2014-06-23,195.8800048828125,-0.00030620372484527057
2014-06-24,194.6999969482422,-0.006024136742677059
2014-06-25,195.5800018310547,0.0045197991607901
2014-06-26,195.44000244140625,-0.0007158164860299538
2014-06-27,195.82000732421875,0.0019443557002944015
2014-06-30,195.72000122070312,-0.0005107042170111102
2014-07-01,197.02999877929688,0.006693222718287922
2014-07-02,197.22999572753906,0.0010150583641134467
2014-07-03,198.1999969482422,0.004918122201062769
2014-07-07,197.50999450683594,-0.0034813443593868306
2014-07-08,196.24000549316406,-0.006429998729142387
2014-07-09,197.1199951171875,0.004484251933299562
2014-07-10,196.33999633789062,-0.003956974424807423
2014-07-11,196.61000061035156,0.0013751873153561365
2014-07-14,197.60000610351562,0.005035377092165771
2014-07-15,197.22999572753906,-0.001872522087791471
2014-07-16,197.9600067138672,0.003701318268731241
2014-07-17,195.7100067138672,-0.011365932126139832
2014-07-18,197.7100067138672,0.010219201529761577
2014-07-21,197.33999633789062,-0.0018714802661053693
2014-07-22,198.1999969482422,0.00435796405346561
2014-07-23,198.63999938964844,0.0022199921704395987
2014-07-24,198.64999389648438,5.031467411723288e-05
2014-07-25,197.72000122070312,-0.004681564079311601
2014-07-28,197.8000030517578,0.0004046218418003457
2014-07-29,196.9499969482422,-0.004297300760370596
2014-07-30,196.97999572753906,0.00015231672892464468
2014-07-31,193.08999633789062,-0.01974819511636628
2014-08-01,192.5,-0.003055551033613274
2014-08-04,193.88999938964844,0.007220776050121753
2014-08-05,192.00999450683594,-0.009696244719844335
2014-08-06,192.07000732421875,0.00031255048747306705
2014-08-07,191.02999877929688,-0.005414736842105263
2014-08-08,193.24000549316406,0.011568898748832008
2014-08-11,193.8000030517578,0.0028979380183963
2014-08-12,193.52999877929688,-0.0013932108782724216
2014-08-13,194.83999633789062,0.006768963813654965
2014-08-14,195.75999450683594,0.004721813725298249
2014-08-15,195.72000122070312,-0.0002042975442125686
2014-08-18,197.36000061035156,0.008379314221437678
2014-08-19,198.38999938964844,0.005218883137978929
2014-08-20,198.9199981689453,0.0026714994754142287
2014-08-21,199.5,0.002915754254944666
2014-08-22,199.19000244140625,-0.0015538724741541354
2014-08-25,200.1999969482422,0.005070508029804546
2014-08-26,200.3300018310547,0.0006493750489222546
2014-08-27,200.25,-0.0003993502237480927
2014-08-28,200.13999938964844,-0.00054931640625
2014-08-29,200.7100067138672,0.002848042999685508
2014-09-02,200.61000061035156,-0.000498261671916508
2014-09-03,200.5,-0.0005483306416274764
2014-09-04,200.2100067138672,-0.0014463505542783666
2014-09-05,201.11000061035156,0.00449524931973362
2014-09-08,200.58999633789062,-0.002585670881024162
2014-09-09,199.32000732421875,-0.006331267943853984
2014-09-10,200.07000732421875,0.003762793359625117
2014-09-11,200.3000030517578,0.0011495762439112042
2014-09-12,199.1300048828125,-0.005841228912228141
2014-09-15,198.97999572753906,-0.0007533227117717267
2014-09-16,200.47999572753906,0.007538446236846502
2014-09-17,200.75,0.001346789097241826
2014-09-18,201.82000732421875,0.0053300489375778335
2014-09-19,200.6999969482422,-0.005549550764693483
2014-09-22,199.14999389648438,-0.007722984929379632
2014-09-23,198.00999450683594,-0.005724325506336669
2014-09-24,199.55999755859375,0.007827903109730663
2014-09-25,196.33999633789062,-0.016135504410184638
2014-09-26,197.89999389648438,0.007945388548897992
2014-09-29,197.5399932861328,-0.0018191036960813053
2014-09-30,197.02000427246094,-0.00263232272625767
2014-10-01,194.35000610351562,-0.013551914074943097
2014-10-02,194.3800048828125,0.00015435440367774883
2014-10-03,196.52000427246094,0.011009359686653968
2014-10-06,196.2899932861328,-0.0011704202184385831
2014-10-07,193.25999450683594,-0.015436338493730712
2014-10-08,196.63999938964844,0.017489418290824506
2014-10-09,192.74000549316406,-0.01983316674425132
2014-10-10,190.5399932861328,-0.011414403571288048
2014-10-13,187.41000366210938,-0.016426943079205163
2014-10-14,187.6999969482422,0.0015473735684657236
2014-10-15,186.42999267578125,-0.006766139014968328
2014-10-16,186.27000427246094,-0.0008581688011893393
2014-10-17,188.47000122070312,0.011810795607349678
2014-10-20,190.3000030517578,0.009709777785334172
2014-10-21,194.07000732421875,0.019810847146626537
2014-10-22,192.69000244140625,-0.007110861187875494
2014-10-23,194.92999267578125,0.01162483889145283
2014-10-24,196.42999267578125,0.007695070314268601
2014-10-27,196.16000366210938,-0.0013744795791827322
2014-10-28,198.41000366210938,0.011470228170854252
2014-10-29,198.11000061035156,-0.0015120359166401471
2014-10-30,199.3800048828125,0.006410601527172868
2014-10-31,201.66000366210938,0.011435443492124329
2014-11-03,201.77000427246094,0.0005454755943368601
2014-11-04,201.07000732421875,-0.00346928152559755
2014-11-05,202.33999633789062,0.006316153416277842
2014-11-06,203.14999389648438,0.004003150999573622
2014-11-07,203.33999633789062,0.0009352815511432713
2014-11-10,203.97999572753906,0.0031474348439789915
2014-11-11,204.17999267578125,0.0009804733426376192
2014-11-12,203.9600067138672,-0.0010774119394909552
2014-11-13,204.19000244140625,0.0011276511079043082
2014-11-14,204.24000549316406,0.0002448849167929327
2014-11-17,204.3699951171875,0.0006364552513086779
2014-11-18,205.5500030517578,0.005773880524358215
2014-11-19,205.22000122070312,-0.0016054576801518828
2014-11-20,205.5800018310547,0.0017542179524909032
2014-11-21,206.67999267578125,0.0053506704685727805
2014-11-24,207.25999450683594,0.0028062795220074152
2014-11-25,207.11000061035156,-0.0007236992205913999
2014-11-26,207.63999938964844,0.0025590207026940886
2014-11-28,207.1999969482422,-0.0021190639698498554
2014-12-01,205.75999450683594,-0.006949818835016476
2014-12-02,207.08999633789062,0.006463850440132574
2014-12-03,207.88999938964844,0.003863069515209791
2014-12-04,207.66000366210938,-0.001106333773699144
2014-12-05,208.0,0.0016372740628659748
2014-12-08,206.61000061035156,-0.006682689373309796
2014-12-09,206.47000122070312,-0.0006776021936734037
2014-12-10,203.16000366210938,-0.016031372785509774
2014-12-11,204.19000244140625,0.005069889548781182
2014-12-12,200.88999938964844,-0.01616143303933194
2014-12-15,199.50999450683594,-0.006869455358680287
2014-12-16,197.91000366210938,-0.008019602469949148
2014-12-17,201.7899932861328,0.019604818110395883
2014-12-18,206.77999877929688,0.024728706373900157
2014-12-19,206.52000427246094,-0.0012573484300744107
2014-12-22,207.47000122070312,0.004600023864946568
2014-12-23,207.75,0.0013495868205014227
2014-12-24,207.77000427246094,9.629012014891697e-05
2014-12-26,208.44000244140625,0.003224710762708099
2014-12-29,208.72000122070312,0.0013433063520308889
2014-12-30,207.60000610351562,-0.005366017203129484
2014-12-31,205.5399932861328,-0.009922990158081344
