Date,Price,Volume,pct_change
2014-12-31,205.5399932861328,130333800.0,0.0
2015-01-02,205.42999267578125,121465900.0,-0.0005351786218968604
2015-01-05,201.72000122070312,169632600.0,-0.018059638744832157
2015-01-06,199.82000732421875,209151400.0,-0.009418966314627273
2015-01-07,202.30999755859375,125346700.0,0.01246116576472173
2015-01-08,205.89999389648438,147217800.0,0.01774502684599597
2015-01-09,204.25,158567300.0,-0.008013569428826233
2015-01-12,202.64999389648438,144396100.0,-0.007833567214274785
2015-01-13,202.0800018310547,214553300.0,-0.002812692240794466
2015-01-14,200.86000061035156,192991100.0,-0.006037218970945403
2015-01-15,199.02000427246094,176613900.0,-0.009160591119682584
2015-01-16,201.6300048828125,211879600.0,0.013114262658634246
2015-01-20,202.05999755859375,130991100.0,0.0021325827772070037
2015-01-21,203.0800018310547,122942700.0,0.0050480267484174085
2015-01-22,206.10000610351562,174356000.0,0.014871007707461636
2015-01-23,204.97000122070312,117516800.0,-0.005482798880874097
2015-01-26,205.4499969482422,92009700.0,0.0023417852596986774
2015-01-27,202.74000549316406,134044600.0,-0.013190515917899173
2015-01-28,200.13999938964844,168514300.0,-0.012824336751846894
2015-01-29,201.99000549316406,173585400.0,0.009243560053749607
2015-01-30,199.4499969482422,197729700.0,-0.012574921906261527
2015-02-02,201.9199981689453,163107000.0,0.012384062464258131
2015-02-03,204.83999633789062,124212900.0,0.014461163804598328
2015-02-04,204.05999755859375,134306700.0,-0.0038078441380668656
2015-02-05,206.1199951171875,97953200.0,0.010095058234048262
2015-02-06,205.5500030517578,125672000.0,-0.002765340961247472
2015-02-09,204.6300048828125,87219000.0,-0.004475787668627062
2015-02-10,206.80999755859375,96164200.0,0.010653338336328966
2015-02-11,206.92999267578125,91087800.0,0.0005802191315896263
2015-02-12,208.9199981689453,97545900.0,0.009616805507174647
2015-02-13,209.77999877929688,93670400.0,0.004116411152062687
2015-02-17,210.11000061035156,76968200.0,0.0015730852939982727
2015-02-18,210.1300048828125,80652900.0,9.520856885834468e-05
2015-02-19,209.97999572753906,91462500.0,-0.0007138873639540254
2015-02-20,211.24000549316406,140896400.0,0.006000618112498364
2015-02-23,211.2100067138672,74411100.0,-0.00014201277464862493
2015-02-24,211.80999755859375,72472300.0,0.002840731147456422
2015-02-25,211.6300048828125,73061700.0,-0.0008497836639248248
2015-02-26,211.3800048828125,72697900.0,-0.001181306970807067
2015-02-27,210.66000366210938,108076000.0,-0.0034061936042734425
2015-03-02,211.99000549316406,87491400.0,0.006313499515493979
2015-03-03,211.1199951171875,110325800.0,-0.0041040160075122845
2015-03-04,210.22999572753906,114497200.0,-0.004215609180714602
2015-03-05,210.4600067138672,76873000.0,0.0010940921419521047
2015-03-06,207.5,188128000.0,-0.014064461747791785
2015-03-09,208.36000061035156,89818900.0,0.004144581254706325
2015-03-10,204.97999572753906,157121300.0,-0.016221946980761227
2015-03-11,204.5,110145700.0,-0.0023416710778796017
2015-03-12,207.10000610351562,93993500.0,0.012713966276360025
2015-03-13,205.8300018310547,162410900.0,-0.006132323684366027
2015-03-16,208.5800018310547,136099200.0,0.013360540132809214
2015-03-17,207.9600067138672,94510400.0,-0.002972457147112707
2015-03-18,210.4600067138672,228808500.0,0.012021542216238518
2015-03-19,209.5,117917300.0,-0.004561468608011466
2015-03-20,210.41000366210938,177715100.0,0.004343692897896778
2015-03-23,210.0,71784500.0,-0.0019485939592862069
2015-03-24,208.82000732421875,77805300.0,-0.005619012741815476
2015-03-25,205.75999450683594,159521700.0,-0.014653829662172964
2015-03-26,205.27000427246094,153067200.0,-0.0023813678433915447
2015-03-27,205.74000549316406,118939000.0,0.002289673166661401
2015-03-30,208.25,96180400.0,0.01219983688062716
2015-03-31,206.42999267578125,126768700.0,-0.008739530968637456
2015-04-01,205.6999969482422,137303600.0,-0.0035362871357826043
2015-04-02,206.44000244140625,86900900.0,0.0035974988047776254
2015-04-06,207.8300018310547,114368200.0,0.006733188205822465
2015-04-07,207.27999877929688,81236300.0,-0.0026464083477462067
2015-04-08,207.97999572753906,89351900.0,0.003377059785626085
2015-04-09,208.89999389648438,85548900.0,0.004423493546708895
2015-04-10,210.0399932861328,72722900.0,0.005457153771930401
2015-04-13,209.08999633789062,74436600.0,-0.004522933625064575
2015-04-14,209.49000549316406,75099900.0,0.0019130956156650386
2015-04-15,210.42999267578125,99529300.0,0.00448702638774746
2015-04-16,210.3699951171875,68934900.0,-0.0002851188551158241
2015-04-17,207.9499969482422,191113200.0,-0.011503532942505619
2015-04-20,209.85000610351562,92189500.0,0.00913685589399812
2015-04-21,209.60000610351562,72559800.0,-0.0011913271037823036
2015-04-22,210.6300048828125,78264600.0,0.004914116170341079
2015-04-23,211.16000366210938,102585900.0,0.002516254887767527
2015-04-24,211.64999389648438,61327400.0,0.0023204689613430048
2015-04-27,210.77000427246094,79358100.0,-0.004157758797072446
2015-04-28,211.44000244140625,86863500.0,0.003178811763362734
2015-04-29,210.57000732421875,125684900.0,-0.004114619311114466
2015-04-30,208.4600067138672,161304900.0,-0.010020423312721613
2015-05-01,210.72000122070312,103399700.0,0.010841381723344241
2015-05-04,211.32000732421875,70927200.0,0.0028474093585790787
2015-05-05,208.89999389648438,113326200.0,-0.011451889758935402
2015-05-06,208.0399932861328,135060200.0,-0.004116805339772849
2015-05-07,208.8699951171875,88244900.0,0.003989626311481007
2015-05-08,211.6199951171875,155877300.0,0.013166084474972575
2015-05-11,210.61000061035156,75708100.0,-0.0047726799458465115
2015-05-12,209.97999572753906,119727600.0,-0.002991334129370564
2015-05-13,210.02000427246094,94667900.0,0.00019053503065019753
2015-05-14,212.2100067138672,95934000.0,0.010427589738381012
2015-05-15,212.44000244140625,76510100.0,0.00108381188569103
2015-05-18,213.10000610351562,74549700.0,0.003106776758258665
2015-05-19,213.02999877929688,72114600.0,-0.000328518640139049
2015-05-20,212.8800048828125,76857500.0,-0.0007040975324783789
2015-05-21,213.5,64764600.0,0.0029124159290056326
2015-05-22,212.99000549316406,57433500.0,-0.002388733053095726
2015-05-26,210.6999969482422,124308600.0,-0.010751718324151003
2015-05-27,212.6999969482422,93214000.0,0.00949216909809113
2015-05-28,212.4600067138672,74974600.0,-0.0011283038919525632
2015-05-29,211.13999938964844,124919600.0,-0.006212968476445942
2015-06-01,211.57000732421875,93338800.0,0.0020366010031891402
2015-06-02,211.36000061035156,91531000.0,-0.0009926109873662971
2015-06-03,211.9199981689453,87820900.0,0.0026494963899348304
2015-06-04,210.1300048828125,151882800.0,-0.008446552008299883
2015-06-05,209.77000427246094,121704700.0,-0.0017132280111654278
2015-06-08,208.47999572753906,89063300.0,-0.006149633020202165
2015-06-09,208.4499969482422,105034700.0,-0.00014389284301444526
2015-06-10,210.9499969482422,134551300.0,0.01199328393667833
2015-06-11,211.6300048828125,73876400.0,0.003223550340876072
2015-06-12,210.00999450683594,135382400.0,-0.007654918199683562
2015-06-15,209.11000061035156,124384200.0,-0.004285481262917131
2015-06-16,210.25,85308200.0,0.005451673216589356
2015-06-17,210.58999633789062,126708600.0,0.001617105055365636
2015-06-18,212.77999877929688,165867900.0,0.010399365969371127
2015-06-19,210.80999755859375,130478700.0,-0.009258394736370319
2015-06-22,211.88999938964844,70696000.0,0.005123105372431426
2015-06-23,212.0399932861328,68476800.0,0.0007078856808553218
2015-06-24,210.5,92307300.0,-0.007262749174183861
2015-06-25,209.86000061035156,97107400.0,-0.0030403771479735747
2015-06-26,209.82000732421875,104174800.0,-0.00019057126663726785
2015-06-29,205.4199981689453,202621300.0,-0.020970398444770052
2015-06-30,205.85000610351562,182925100.0,0.0020933109648684613
2015-07-01,207.5,135979900.0,0.008015515412006565
2015-07-02,207.30999755859375,104373700.0,-0.0009156744164156627
2015-07-06,206.72000122070312,117975400.0,-0.0028459618196844047
2015-07-07,208.02000427246094,173820200.0,0.006288714416027279
2015-07-08,204.52999877929688,164020100.0,-0.016777259020689734
2015-07-09,204.89999389648438,144113100.0,0.0018090017082860903
2015-07-10,207.47999572753906,129456900.0,0.01259151736411523
2015-07-13,209.77000427246094,106069400.0,0.011037249817226208
2015-07-14,210.67999267578125,81709600.0,0.0043380291976271735
2015-07-15,210.61000061035156,97914100.0,-0.0003322198018935732
2015-07-16,212.3000030517578,106683300.0,0.008024321905458395
2015-07-17,212.47999572753906,89030000.0,0.000847822294837031
2015-07-20,212.58999633789062,70446800.0,0.0005176986660552044
2015-07-21,211.75,77965000.0,-0.003951250540291343
2015-07-22,211.3699951171875,88667900.0,-0.0017945921266233765
2015-07-23,210.17999267578125,90509100.0,-0.005629949703819079
2015-07-24,208.0,117755000.0,-0.010372027556134021
2015-07-27,206.7899932861328,132361100.0,-0.005817339970515325
2015-07-28,209.3300018310547,123544800.0,0.01228303412828732
2015-07-29,210.77000427246094,105791300.0,0.006879102034157732
2015-07-30,210.82000732421875,91304400.0,0.00023723988586712698
2015-07-31,210.5,103266900.0,-0.0015179172426771277
2015-08-03,209.7899932861328,113965700.0,-0.003372953510057898
2015-08-04,209.3800048828125,81820800.0,-0.001954280072649265
2015-08-05,210.07000732421875,85786800.0,0.0032954552742151103
2015-08-06,208.35000610351562,116030800.0,-0.008187752466959752
2015-08-07,207.9499969482422,117858000.0,-0.0019198902978418866
2015-08-10,210.57000732421875,80270700.0,0.012599232577188597
2015-08-11,208.6699981689453,126081400.0,-0.009023170865677733
2015-08-12,208.9199981689453,172123700.0,0.001198063939204105
2015-08-13,208.66000366210938,89383300.0,-0.0012444692184311156
2015-08-14,209.4199981689453,72786500.0,0.003642262501186494
2015-08-17,210.58999633789062,79072600.0,0.005586850249141156
2015-08-18,209.97999572753906,71692700.0,-0.002896626719974008
2015-08-19,208.32000732421875,172946000.0,-0.007905459744242692
2015-08-20,203.97000122070312,194327900.0,-0.0208813649701226
2015-08-21,197.8300018310547,346588500.0,-0.030102462876414507
2015-08-24,189.5,507244300.0,-0.04210686829072794
2015-08-25,187.27000427246094,369833100.0,-0.011767787480417216
2015-08-26,194.4600067138672,339257000.0,0.03839377517685879
2015-08-27,199.27000427246094,274143900.0,0.024735150635221814
2015-08-28,199.27999877929688,160414400.0,5.0155601052088394e-05
2015-08-31,197.6699981689453,163298800.0,-0.008079087817210609
2015-09-01,191.77000427246094,256000400.0,-0.029847695407179325
2015-09-02,195.41000366210938,160269300.0,0.018981067469117006
2015-09-03,195.5500030517578,152087800.0,0.0007164392151105815
2015-09-04,192.58999633789062,207081000.0,-0.015136827755935849
2015-09-08,197.42999267578125,116025700.0,0.025131088996954265
2015-09-09,194.7899932861328,149347700.0,-0.01337182539424916
2015-09-10,195.85000610351562,158611100.0,0.00544182377903637
2015-09-11,196.74000549316406,119691200.0,0.004544290844586608
2015-09-14,196.00999450683594,79452000.0,-0.0037105365759151103
2015-09-15,198.4600067138672,113806200.0,0.01249942490532443
2015-09-16,200.17999267578125,99581600.0,0.008666662822368434
2015-09-17,199.72999572753906,276046600.0,-0.0022479616580415147
2015-09-18,195.4499969482422,223657500.0,-0.02142892340084671
2015-09-21,196.4600067138672,105726200.0,0.0051676120818383246
2015-09-22,193.91000366210938,153890900.0,-0.012979756513353615
2015-09-23,193.60000610351562,92790600.0,-0.001598667179306152
2015-09-24,192.89999389648438,159378800.0,-0.003615765418194056
2015-09-25,192.85000610351562,155054800.0,-0.00025913838543496727
2015-09-28,188.00999450683594,178515900.0,-0.02509728516203275
2015-09-29,188.1199951171875,159045600.0,0.0005850785254268115
2015-09-30,191.6300048828125,163452000.0,0.018658355606688562
2015-10-01,192.1300048828125,131079000.0,0.002609194736000581
2015-10-02,195.0,211003300.0,0.014937776735799392
2015-10-05,198.47000122070312,126320800.0,0.01779487805488782
2015-10-06,197.7899932861328,110274500.0,-0.00342625046801974
2015-10-07,199.41000366210938,124307300.0,0.00819055781873138
2015-10-08,201.2100067138672,153055200.0,0.009026643692398856
2015-10-09,201.3300018310547,107069200.0,0.0005963675422870013
2015-10-12,201.52000427246094,56395600.0,0.0009437363516525959
2015-10-13,200.25,88038700.0,-0.006302125077090881
2015-10-14,199.2899932861328,99106200.0,-0.004794041018063359
2015-10-15,202.35000610351562,134142200.0,0.015354573337705749
2015-10-16,203.27000427246094,114580100.0,0.004546568525798174
2015-10-19,203.3699951171875,76523900.0,0.0004919114607413292
2015-10-20,203.11000061035156,78448500.0,-0.0012784310029909838
2015-10-21,201.85000610351562,102038000.0,-0.006203507966371014
2015-10-22,205.25999450683594,174911700.0,0.016893675007230633
2015-10-23,207.50999450683594,144442300.0,0.010961707396543199
2015-10-26,207.0,69033000.0,-0.00245768647456225
2015-10-27,206.60000610351562,77905800.0,-0.0019323376641757247
2015-10-28,208.9499969482422,135906700.0,0.011374592329630012
2015-10-29,208.8300018310547,90525500.0,-0.0005742767118451947
2015-10-30,207.92999267578125,131076900.0,-0.004309769417143198
2015-11-02,210.38999938964844,86270800.0,0.011830937337178668
2015-11-03,211.0,95246100.0,0.0028993802562916667
2015-11-04,210.36000061035156,96224500.0,-0.003033172462788803
2015-11-05,210.14999389648438,78408700.0,-0.0009983205612182021
2015-11-06,210.0399932861328,110471500.0,-0.0005234385607726763
2015-11-09,208.0800018310547,131008700.0,-0.009331515510039424
2015-11-10,208.55999755859375,75874600.0,0.0023067845218916467
2015-11-11,207.74000549316406,67846000.0,-0.003931684287631982
2015-11-12,204.83999633789062,121315200.0,-0.01395980109073823
2015-11-13,202.5399932861328,153577100.0,-0.01122829082638665
2015-11-16,205.6199951171875,117645200.0,0.01520688226104313
2015-11-17,205.47000122070312,121123700.0,-0.0007294713551514778
2015-11-18,208.72999572753906,121342500.0,0.015866036343350452
2015-11-19,208.5500030517578,88220500.0,-0.0008623229984453185
2015-11-20,209.30999755859375,94011500.0,0.0036441836284573084
2015-11-23,209.07000732421875,64931200.0,-0.0011465779808621788
2015-11-24,209.35000610351562,98874400.0,0.0013392584755720714
2015-11-25,209.32000732421875,51980100.0,-0.00014329485752220014
2015-11-27,209.55999755859375,37317800.0,0.0011465231510491766
2015-11-30,208.69000244140625,112822700.0,-0.00415153238844759
2015-12-01,210.67999267578125,97858400.0,0.009535628018087394
2015-12-02,208.52999877929688,108441300.0,-0.010205021697494713
2015-12-03,205.61000061035156,166224200.0,-0.014002772675579249
2015-12-04,209.6199951171875,192913900.0,0.0195029156895691
2015-12-07,208.35000610351562,102027100.0,-0.006058529926793916
2015-12-08,206.9499969482422,103372400.0,-0.0067195061879569305
2015-12-09,205.33999633789062,162401500.0,-0.007779659985954098
2015-12-10,205.8699951171875,116128900.0,0.002581079130949007
2015-12-11,201.8800048828125,211173300.0,-0.019381115893570482
2015-12-14,202.89999389648438,182385200.0,0.005052451897175053
2015-12-15,205.02999877929688,154069600.0,0.010497806539605846
2015-12-16,208.02999877929688,197017000.0,0.014632005159544137
2015-12-17,204.86000061035156,173092500.0,-0.015238178087519127
2015-12-18,200.02000427246094,251393500.0,-0.023625872905743125
2015-12-21,201.6699981689453,99094300.0,0.008249144391761963
2015-12-22,203.5,111026200.0,0.009074239339862726
2015-12-23,206.02000427246094,110987200.0,0.012383313378186425
2015-12-24,205.67999267578125,48539600.0,-0.0016503814660154216
2015-12-28,205.2100067138672,65899900.0,-0.002285034902033051
2015-12-29,207.39999389648438,92640700.0,0.01067193173318676
2015-12-30,205.92999267578125,63317700.0,-0.007087759228367282
2015-12-31,203.8699951171875,114877900.0,-0.010003387713595638
2016-01-04,201.02000427246094,222353500.0,-0.01397945216552512
2016-01-05,201.36000061035156,110845800.0,0.0016913557390526995
2016-01-06,198.82000732421875,152112600.0,-0.012614189900842879
2016-01-07,194.0500030517578,213436100.0,-0.023991570751138846
2016-01-08,191.9199981689453,209817200.0,-0.010976577424965958
2016-01-11,192.11000061035156,187941300.0,0.0009900085619998428
2016-01-12,193.66000366210938,172330500.0,0.008068310066281333
2016-01-13,188.8300018310547,221168900.0,-0.024940626560566895
2016-01-14,191.92999267578125,240795600.0,0.016416834267152684
2016-01-15,187.80999755859375,324846400.0,-0.021466134915907716
2016-01-19,188.05999755859375,195244400.0,0.0013311325448582894
2016-01-20,185.64999389648438,286547800.0,-0.012815078663172328
2016-01-21,186.69000244140625,195772900.0,0.005601985344000432
2016-01-22,190.52000427246094,168319600.0,0.020515302270975953
2016-01-25,187.63999938964844,130371700.0,-0.015116548489542499
2016-01-26,190.1999969482422,141036800.0,0.013643133483909923
2016-01-27,188.1300048828125,185681700.0,-0.010883239214735529
2016-01-28,189.11000061035156,143798800.0,0.005209141030690499
2016-01-29,193.72000122070312,210529300.0,0.024377349666716775
2016-02-01,193.64999389648438,136061600.0,-0.0003613840789676199
2016-02-02,190.16000366210938,182564900.0,-0.018022155147810512
2016-02-03,191.3000030517578,205054900.0,0.005994948294563952
2016-02-04,191.60000610351562,139531800.0,0.0015682333872030529
2016-02-05,187.9499969482422,180788300.0,-0.019050151560545615
2016-02-08,185.4199981689453,191526700.0,-0.013461020592586592
2016-02-09,185.42999267578125,184513100.0,5.3901989724058844e-05
2016-02-10,185.27000427246094,148214100.0,-0.0008627967946913928
2016-02-11,182.86000061035156,219058900.0,-0.013008061782981266
2016-02-12,186.6300048828125,127632400.0,0.020616888657319192
2016-02-16,189.77999877929688,120250700.0,0.01687828223796221
2016-02-17,192.8800048828125,136009500.0,0.016334735606784105
2016-02-18,192.08999633789062,102343000.0,-0.004095855064924215
2016-02-19,192.0,114793000.0,-0.00046851132076820606
2016-02-22,194.77999877929688,103640300.0,0.01447916030883789
2016-02-23,192.32000732421875,111455300.0,-0.012629589642135253
2016-02-24,193.1999969482422,150812200.0,0.004575653028859992
2016-02-25,195.5399932861328,110728300.0,0.012111782478534429
2016-02-26,195.08999633789062,129833700.0,-0.0023013038953300408
2016-02-29,193.55999755859375,125918100.0,-0.007842528105064691
2016-03-01,198.11000061035156,141799700.0,0.02350693898092478
2016-03-02,199.0,102415000.0,0.004492450592632695
2016-03-03,199.77999877929688,95172200.0,0.003919591855763191
2016-03-04,200.42999267578125,129293600.0,0.003253548405526037
2016-03-07,200.58999633789062,100219000.0,0.0007983019905019878
2016-03-08,198.39999389648438,123974900.0,-0.010917804882538738
2016-03-09,199.3800048828125,94801200.0,0.004939571655629424
2016-03-10,199.5399932861328,156838700.0,0.0008024295285495013
2016-03-11,202.75999450683594,137964500.0,0.016137122025887636
2016-03-14,202.5,73612000.0,-0.0012822771448002378
2016-03-15,202.1699981689453,93169100.0,-0.001629638671875
2016-03-16,203.33999633789062,129303200.0,0.005787199780095918
2016-03-17,204.6300048828125,134278500.0,0.006344096430385807
2016-03-18,204.3800048828125,138372400.0,-0.0012217172166084343
2016-03-21,204.6699981689453,72926700.0,0.001418892647052675
2016-03-22,204.55999755859375,97471900.0,-0.0005374535170551096
2016-03-23,203.2100067138672,81052500.0,-0.006599486022871475
2016-03-24,203.1199951171875,84360900.0,-0.00044294864281181607
2016-03-28,203.24000549316406,62408200.0,0.0005908348703303387
2016-03-29,205.1199951171875,92922900.0,0.009250096305900122
2016-03-30,206.02000427246094,86365300.0,0.004387720245211841
2016-03-31,205.52000427246094,94584100.0,-0.0024269487895881765
2016-04-01,206.9199981689453,114423500.0,0.0068119592612910914
2016-04-04,206.25,63497000.0,-0.0032379575433703358
2016-04-05,204.19000244140625,99662200.0,-0.009987866950757577
2016-04-06,206.4199981689453,91839800.0,0.010921179787825192
2016-04-07,203.9499969482422,113859000.0,-0.011965900797467996
2016-04-08,204.5,95040600.0,0.002696754400527844
2016-04-11,204.02000427246094,83757500.0,-0.0023471673718291563
2016-04-12,205.9199981689453,115350600.0,0.009312782358081934
2016-04-13,208.0,96336400.0,0.01010101908289727
2016-04-14,208.00999450683594,65212900.0,4.8050513634314906e-05
2016-04-15,207.77999877929688,75761600.0,-0.0011056955608520246
2016-04-18,209.24000549316406,82531000.0,0.007026695170106344
2016-04-19,209.89999389648438,88316100.0,0.003154217099950681
2016-04-20,210.10000610351562,81100300.0,0.0009528928673046522
2016-04-21,208.97000122070312,85695000.0,-0.005378414326441048
2016-04-22,208.97000122070312,99251700.0,0.0
2016-04-25,208.61000061035156,66166500.0,-0.0017227382315576905
2016-04-26,208.9199981689453,75864200.0,0.0014860148491767343
2016-04-27,209.35000610351562,77329400.0,0.0020582420942899977
2016-04-28,207.4499969482422,97216200.0,-0.009075753999901749
2016-04-29,206.3300018310547,142424100.0,-0.005398867841231801
2016-05-02,207.97000122070312,62188000.0,0.007948429094627195
2016-05-03,206.16000366210938,106422100.0,-0.008703166552722833
2016-05-04,205.00999450683594,92243800.0,-0.00557823600526449
2016-05-05,204.97000122070312,67619200.0,-0.00019507968979277714
2016-05-06,205.72000122070312,89315000.0,0.003659072037534075
2016-05-09,205.88999938964844,74374900.0,0.0008263570286631144
2016-05-10,208.4499969482422,77472200.0,0.012433812065582334
2016-05-11,206.5,81727000.0,-0.009354746830369918
2016-05-12,206.55999755859375,89586300.0,0.0002905450779358354
2016-05-13,204.75999450683594,96474600.0,-0.008714189935286068
2016-05-16,206.77999877929688,77486800.0,0.009865229178805723
2016-05-17,204.85000610351562,114924900.0,-0.009333555891163317
2016-05-18,204.91000366210938,120062100.0,0.0002928853151384911
2016-05-19,204.1999969482422,115430500.0,-0.0034649685285154156
2016-05-20,205.49000549316406,104990400.0,0.006317377885411275
2016-05-23,205.2100067138672,58682600.0,-0.0013625907431599616
2016-05-24,207.8699951171875,93537800.0,0.012962274335038859
2016-05-25,209.27999877929688,76621400.0,0.006783103358974344
2016-05-26,209.33999633789062,55280700.0,0.00028668558363774844
2016-05-27,210.24000549316406,64211200.0,0.00429926994849448
2016-05-31,209.83999633789062,109879400.0,-0.0019026310160862499
2016-06-01,210.27000427246094,69936200.0,0.002049218176109291
2016-06-02,210.91000366210938,63044700.0,0.0030437027471552597
2016-06-03,210.27999877929688,101757100.0,-0.002987079189576072
2016-06-06,211.35000610351562,64887000.0,0.005088488350914417
2016-06-07,211.67999267578125,60974800.0,0.0015613274792336802
2016-06-08,212.3699951171875,66170900.0,0.0032596488344701015
2016-06-09,212.0800018310547,73786900.0,-0.0013655096896941202
2016-06-10,210.07000732421875,113829200.0,-0.009477529656177208
2016-06-13,208.4499969482422,117751200.0,-0.007711764266644043
2016-06-14,208.0399932861328,125059300.0,-0.001966916133902263
2016-06-15,207.75,109124500.0,-0.0013939304724643173
2016-06-16,208.3699951171875,149533100.0,0.002984332694043321
2016-06-17,206.52000427246094,117055700.0,-0.008878393665489726
2016-06-20,207.85000610351562,82789600.0,0.006440062965038592
2016-06-21,208.44000244140625,72461700.0,0.0028385678160470626
2016-06-22,208.10000610351562,95560500.0,-0.0016311472553652462
2016-06-23,210.80999755859375,102731400.0,0.013022543851969366
2016-06-24,203.24000549316406,333444400.0,-0.03590907524831995
2016-06-27,199.60000610351562,230775800.0,-0.01790985677655312
2016-06-28,203.1999969482422,159382400.0,0.01803602572466632
2016-06-29,206.66000366210938,137328600.0,0.017027592351531867
2016-06-30,209.47999572753906,165021900.0,0.013645562834888918
2016-07-01,209.9199981689453,106055300.0,0.0021004508801811357
2016-07-05,208.41000366210938,109803700.0,-0.007193190358265351
2016-07-06,209.66000366210938,96021500.0,0.005997792706853928
2016-07-07,209.52999877929688,85593800.0,-0.000620074790335392
2016-07-08,212.64999389648438,133971000.0,0.014890445928336342
2016-07-11,213.39999389648438,73633900.0,0.0035269222738143675
2016-07-12,214.9499969482422,101275600.0,0.007263369709887081
2016-07-13,214.9199981689453,87324100.0,-0.00013956166421392604
2016-07-14,216.1199951171875,91230900.0,0.00558345876821983
2016-07-15,215.8300018310547,107155400.0,-0.0013418160868251382
2016-07-18,216.41000366210938,58725900.0,0.0026873086509478683
2016-07-19,216.19000244140625,54345700.0,-0.0010165945057078911
2016-07-20,217.08999633789062,58159500.0,0.004162976485132791
2016-07-21,216.27000427246094,67777300.0,-0.003777198762090389
2016-07-22,217.24000549316406,62787500.0,0.004485139878580201
2016-07-25,216.64999389648438,55873100.0,-0.00271594357282528
2016-07-26,216.75,70080500.0,0.0004616021524718253
2016-07-27,216.52000427246094,84083900.0,-0.0010611106230175894
2016-07-28,216.77000427246094,65035700.0,0.0011546277252304552
2016-07-29,217.1199951171875,79519400.0,0.0016145723016485925
2016-08-01,216.94000244140625,73311400.0,-0.0008290009203625003
2016-08-02,215.5500030517578,92295500.0,-0.006407298672469893
2016-08-03,216.17999267578125,53993600.0,0.0029227075625332492
2016-08-04,216.41000366210938,46585500.0,0.0010639790643026201
2016-08-05,218.17999267578125,71892200.0,0.00817886873859786
2016-08-08,218.0500030517578,39906500.0,-0.0005957907616974029
2016-08-09,218.17999267578125,51251700.0,0.0005961459399410431
2016-08-10,217.63999938964844,57941100.0,-0.0024749899361086267
2016-08-11,218.64999389648438,72504300.0,0.004640665822773273
2016-08-12,218.4600067138672,61313500.0,-0.0008689100750999027
2016-08-15,219.08999633789062,49813500.0,0.0028837755408868972
2016-08-16,217.9600067138672,53213600.0,-0.005157650476568158
2016-08-17,218.3699951171875,75134300.0,0.0018810258335995361
2016-08-18,218.86000061035156,52989300.0,0.0022439231768132924
2016-08-19,218.5399932861328,75443000.0,-0.0014621553656507412
2016-08-22,218.52999877929688,61368800.0,-4.57330792668771e-05
2016-08-23,218.97000122070312,53399200.0,0.0020134647136049633
2016-08-24,217.85000610351562,71728900.0,-0.005114833588819504
2016-08-25,217.6999969482422,69224800.0,-0.0006885891717724247
2016-08-26,217.2899932861328,122506300.0,-0.001883342525755077
2016-08-29,218.36000061035156,70502200.0,0.0049243285806067376
2016-08-30,218.0,58114500.0,-0.0016486563901140434
2016-08-31,217.3800048828125,85269500.0,-0.0028440142990252292
2016-09-01,217.38999938964844,97844200.0,4.597712122292685e-05
2016-09-02,218.3699951171875,79293900.0,0.004508007407380891
2016-09-06,219.02999877929688,56702100.0,0.003022410023662758
2016-09-07,219.00999450683594,76554900.0,-9.133119925318806e-05
2016-09-08,218.50999450683594,74102900.0,-0.002283000833482024
2016-09-09,213.27999877929688,221589100.0,-0.023934812406832245
2016-09-12,216.33999633789062,168110900.0,0.014347325469371602
2016-09-13,213.22999572753906,182828800.0,-0.014375523079394936
2016-09-14,213.14999389648438,134185500.0,-0.00037519032339573935
2016-09-15,215.27999877929688,134427900.0,0.00999298589633988
2016-09-16,213.3699951171875,155236400.0,-0.008872183542083228
2016-09-19,213.41000366210938,80250500.0,0.00018750783070460036
2016-09-20,213.4199981689453,69665300.0,4.6832419588735564e-05
2016-09-21,215.82000732421875,110284400.0,0.011245474537833925
2016-09-22,217.17999267578125,76678700.0,0.006301479498698386
2016-09-23,215.99000549316406,73630900.0,-0.005479267072237491
2016-09-26,214.24000549316406,89827300.0,-0.008102226748891796
2016-09-27,215.57000732421875,78494800.0,0.006207999425658739
2016-09-28,216.63999938964844,87411000.0,0.004963547938375361
2016-09-29,214.67999267578125,128070600.0,-0.009047298372365307
2016-09-30,216.3000030517578,117202900.0,0.007546163737871793
2016-10-03,215.77999877929688,83512100.0,-0.0024040881420445805
2016-10-04,214.67999267578125,119948100.0,-0.005097813095460846
2016-10-05,215.6300048828125,72816000.0,0.004425247994423022
2016-10-06,215.77999877929688,62927400.0,0.0006956077219675041
2016-10-07,215.0399932861328,89788300.0,-0.003429444329179701
2016-10-10,216.16000366210938,51855000.0,0.005208381747325827
2016-10-11,213.42999267578125,130367400.0,-0.012629584289772419
2016-10-12,213.7100067138672,73866100.0,0.001311971361547593
2016-10-13,213.00999450683594,101357000.0,-0.0032755237707164774
2016-10-14,213.1199951171875,93346200.0,0.0005164105590737075
2016-10-17,212.3800048828125,58275700.0,-0.0034721764795842096
2016-10-18,213.7100067138672,76869700.0,0.006262368398515476
2016-10-19,214.27999877929688,66519200.0,0.0026671285738755347
2016-10-20,213.8800048828125,73639800.0,-0.0018666879725734871
2016-10-21,213.97999572753906,89089100.0,0.00046750908193287505
2016-10-24,214.88999938964844,60146600.0,0.004252751099537751
2016-10-25,214.1699981689453,66542300.0,-0.0033505571350371946
2016-10-26,213.74000549316406,75705500.0,-0.002007716671137363
2016-10-27,213.1699981689453,77220200.0,-0.002666825627254792
2016-10-28,212.5399932861328,140623200.0,-0.002955410649828862
2016-10-31,212.5500030517578,61272500.0,4.709591578618483e-05
2016-11-01,211.00999450683594,122781800.0,-0.0072453941322544665
2016-11-02,209.74000549316406,103330800.0,-0.0060186201920911005
2016-11-03,208.77999877929688,88939300.0,-0.0045771273420629165
2016-11-04,208.5500030517578,109122100.0,-0.0011016176304426218
2016-11-07,213.14999389648438,109794900.0,0.0220570164344948
2016-11-08,214.11000061035156,106772100.0,0.004503902141012548
2016-11-09,216.3800048828125,258429000.0,0.010602046919760692
2016-11-10,216.9199981689453,172113300.0,0.00249557849129943
2016-11-11,216.4199981689453,100552700.0,-0.0023049972534601513
2016-11-14,216.58999633789062,94580000.0,0.000785501203140228
2016-11-15,218.27999877929688,91652600.0,0.0078027723809079635
2016-11-16,217.8699951171875,65617700.0,-0.0018783382096493875
2016-11-17,218.99000549316406,69797200.0,0.005140727961985465
2016-11-18,218.5,86265800.0,-0.002237570121342174
2016-11-21,220.14999389648438,72402600.0,0.007551459480477689
2016-11-22,220.5800018310547,67429000.0,0.001953249813727019
2016-11-23,220.6999969482422,56620200.0,0.000543998169332712
2016-11-25,221.52000427246094,37872300.0,0.003715484075928897
2016-11-28,220.47999572753906,76572500.0,-0.004694874164243448
2016-11-29,220.91000366210938,69886700.0,0.0019503263012654456
2016-11-30,220.3800048828125,113291800.0,-0.0023991615160512568
2016-12-01,219.57000732421875,79040500.0,-0.0036754584837425147
2016-12-02,219.67999267578125,74840300.0,0.0005009124556802278
2016-12-05,221.0,67837800.0,0.006008773526166796
2016-12-06,221.6999969482422,59877400.0,0.003167407005620758
2016-12-07,224.60000610351562,110738100.0,0.013080781214221082
2016-12-08,225.14999389648438,99714400.0,0.002448743446227988
2016-12-09,226.50999450683594,88005800.0,0.006040420374058906
2016-12-12,226.25,102016100.0,-0.0011478279684832672
2016-12-13,227.75999450683594,110477500.0,0.0066740088699930936
2016-12-14,225.8800048828125,142501800.0,-0.00825425741730518
2016-12-15,226.80999755859375,124972600.0,0.004117197873551199
2016-12-16,225.0399932861328,156420200.0,-0.007803907638611377
2016-12-19,225.52999877929688,90341100.0,0.002177415160784477
2016-12-20,226.39999389648438,89838800.0,0.00385755829333762
2016-12-21,225.77000427246094,67909000.0,-0.002782639757099482
2016-12-22,225.3800048828125,56219100.0,-0.0017274189762506418
2016-12-23,225.7100067138672,36697800.0,0.0014642018985946586
2016-12-27,226.27000427246094,42672500.0,0.0024810488765952656
2016-12-28,224.39999389648438,64095000.0,-0.008264508510482048
2016-12-29,224.35000610351562,48696100.0,-0.00022276200681096875
2016-12-30,223.52999877929688,108998300.0,-0.003655035889949549
2017-01-03,225.24000549316406,91366500.0,0.00765000994589352
2017-01-04,226.5800018310547,78744400.0,0.005949193328053321
2017-01-05,226.39999389648438,78379000.0,-0.0007944564088428783
2017-01-06,227.2100067138672,71559900.0,0.003577795226236491
2017-01-09,226.4600067138672,46939700.0,-0.0033009109539110172
2017-01-10,226.4600067138672,63771900.0,0.0
2017-01-11,227.10000610351562,74650000.0,0.002826103376642033
2017-01-12,226.52999877929688,72113200.0,-0.0025099397133390303
2017-01-13,227.0500030517578,62717900.0,0.0022955205723881457
2017-01-17,226.25,61240800.0,-0.003523466377472127
2017-01-18,226.75,54793300.0,0.0022099447513812156
2017-01-19,225.91000366210938,66608800.0,-0.003704504246485667
2017-01-20,226.74000549316406,129168600.0,0.00367403752644841
2017-01-23,226.14999389648438,75061600.0,-0.0026021504030415824
2017-01-24,227.60000610351562,95555300.0,0.006411727818551098
2017-01-25,229.57000732421875,84437700.0,0.008655541159375633
2017-01-26,229.3300018310547,59970700.0,-0.0010454566603080072
2017-01-27,228.97000122070312,59711100.0,-0.0015697929075009194
2017-01-30,227.5500030517578,79737300.0,-0.006201677780385662
2017-01-31,227.52999877929688,75880800.0,-8.791154556208637e-05
2017-02-01,227.6199951171875,79117700.0,0.0003955361419305463
2017-02-02,227.77000427246094,69657600.0,0.0006590332944880657
2017-02-03,229.33999633789062,80563200.0,0.006892883329587359
2017-02-06,228.92999267578125,57790100.0,-0.00178775472510826
2017-02-07,228.94000244140625,57931200.0,4.372413377558695e-05
2017-02-08,229.24000549316406,51566200.0,0.00131040031693279
2017-02-09,230.60000610351562,65955200.0,0.005932649527842197
2017-02-10,231.50999450683594,66015900.0,0.003946176839699742
2017-02-13,232.77000427246094,55182100.0,0.005442571791810029
2017-02-14,233.6999969482422,71109000.0,0.003995328688024076
2017-02-15,234.9199981689453,86785800.0,0.005220373284700213
2017-02-16,234.72000122070312,84722400.0,-0.0008513406683170391
2017-02-17,235.08999633789062,77204100.0,0.0015763254740255393
2017-02-21,236.49000549316406,88946100.0,0.005955205143060318
2017-02-22,236.27999877929688,62115200.0,-0.0008880151760716074
2017-02-23,236.44000244140625,74615900.0,0.0006771781908583398
2017-02-24,236.74000549316406,82381600.0,0.0012688337365085176
2017-02-27,237.11000061035156,56515400.0,0.001562875342579916
2017-02-28,236.47000122070312,96961900.0,-0.002699166580916018
2017-03-01,239.77999877929688,149158200.0,0.013997536860941823
2017-03-02,238.27000427246094,70246000.0,-0.0062974164422521205
2017-03-03,238.4199981689453,81974300.0,0.0006295122919159286
2017-03-06,237.7100067138672,55391500.0,-0.0029779022755256563
2017-03-07,237.0,65103700.0,-0.0029868608548811594
2017-03-08,236.55999755859375,78168800.0,-0.0018565503856803798
2017-03-09,236.86000061035156,90683900.0,0.0012681901202822954
2017-03-10,237.69000244140625,81991700.0,0.003504187405707596
2017-03-13,237.80999755859375,57256800.0,0.0005048387225166544
2017-03-14,236.89999389648438,59880800.0,-0.003826599686521422
2017-03-15,238.9499969482422,96081800.0,0.008653453375155341
2017-03-16,238.47999572753906,78344000.0,-0.0019669438238366236
2017-03-17,237.02999877929688,89002100.0,-0.006080161750333114
2017-03-20,236.77000427246094,52537000.0,-0.001096884395118372
2017-03-21,233.72999572753906,131809300.0,-0.012839500317040214
2017-03-22,234.27999877929688,97569200.0,0.002353155614647576
2017-03-23,234.02999877929688,100410300.0,-0.0010670992031014655
2017-03-24,233.86000061035156,112504900.0,-0.0007263947777294572
2017-03-27,233.6199951171875,87454500.0,-0.0010262785108084828
2017-03-28,235.32000732421875,93483900.0,0.007276826652523886
2017-03-29,235.5399932861328,61950400.0,0.00093483747691275
2017-03-30,236.2899932861328,56737900.0,0.003184172630458148
2017-03-31,235.74000549316406,73733100.0,-0.0023275966337802053
2017-04-03,235.3300018310547,85546500.0,-0.0017392197020257734
2017-04-04,235.47999572753906,56466200.0,0.0006373768551281312
2017-04-05,234.77999877929688,108800600.0,-0.0029726386994337957
2017-04-06,235.44000244140625,69135800.0,0.0028111579586888335
2017-04-07,235.1999969482422,74412300.0,-0.0010193913127561763
2017-04-10,235.33999633789062,67615300.0,0.0005952355079292182
2017-04-11,235.05999755859375,88045300.0,-0.001189762826777924
2017-04-12,234.02999877929688,81864400.0,-0.004381854803006733
2017-04-13,232.50999450683594,92880400.0,-0.0064949121069490965
2017-04-17,234.57000732421875,68405400.0,0.008859889321111513
2017-04-18,233.8699951171875,83225800.0,-0.0029842357725798456
2017-04-19,233.44000244140625,68699900.0,-0.0018385970186803545
2017-04-20,235.33999633789062,92572200.0,0.008139110163697312
2017-04-21,234.58999633789062,110389800.0,-0.0031868786082718537
2017-04-24,237.1699981689453,119209900.0,0.010997919226438769
2017-04-25,238.5500030517578,76698300.0,0.005818631755562394
2017-04-26,238.39999389648438,84702500.0,-0.0006288373647217696
2017-04-27,238.60000610351562,57410300.0,0.0008389773999662822
2017-04-28,238.0800018310547,63532800.0,-0.0021793975656284595
2017-05-01,238.67999267578125,66882500.0,0.0025201228163309803
2017-05-02,238.77000427246094,57375700.0,0.0003771225047838747
2017-05-03,238.47999572753906,73137700.0,-0.001214593708307454
2017-05-04,238.75999450683594,61462700.0,0.0011740975524704837
2017-05-05,239.6999969482422,62001300.0,0.003937018189951989
2017-05-08,239.66000366210938,48385700.0,-0.0001668472534083851
2017-05-09,239.44000244140625,51363200.0,-0.0009179721995385563
2017-05-10,239.8699951171875,54293800.0,0.001795826392402724
2017-05-11,239.3800048828125,62358300.0,-0.0020427324982252044
2017-05-12,238.97999572753906,53912700.0,-0.001671021585404597
2017-05-15,240.3000030517578,61918900.0,0.0055235055143430896
2017-05-16,240.0800018310547,51241800.0,-0.0009155273321230017
2017-05-17,235.82000732421875,172174100.0,-0.017744062289010286
2017-05-18,236.77000427246094,107047700.0,0.004028483244579319
2017-05-19,238.30999755859375,115011400.0,0.0065041739170671265
2017-05-22,239.52000427246094,61010600.0,0.005077448391856413
2017-05-23,240.0500030517578,48341700.0,0.0022127537151092652
2017-05-24,240.61000061035156,46927700.0,0.00233283712340969
2017-05-25,241.75999450683594,64071700.0,0.004779493344279971
2017-05-26,241.7100067138672,46629900.0,-0.0002067661900419863
2017-05-30,241.5,35201900.0,-0.0008688374830744613
2017-05-31,241.44000244140625,91796000.0,-0.000248437095626294
2017-06-01,243.36000061035156,68962000.0,0.00795227861800269
2017-06-02,244.1699981689453,88666100.0,0.003328392326439269
2017-06-05,243.99000549316406,44698800.0,-0.000737161310279857
2017-06-06,243.2100067138672,50375400.0,-0.0031968472549533528
2017-06-07,243.66000366210938,54144300.0,0.0018502402689853216
2017-06-08,243.77999877929688,65950700.0,0.0004924694877453126
2017-06-09,243.41000366210938,132256400.0,-0.0015177418944959072
2017-06-12,243.36000061035156,86108100.0,-0.00020542726677423023
2017-06-13,244.5500030517578,60067000.0,0.004889885101995813
2017-06-14,244.24000549316406,78602300.0,-0.0012676244315079422
2017-06-15,243.77000427246094,66464900.0,-0.0019243416726678697
2017-06-16,242.63999938964844,84553100.0,-0.004635537034940104
2017-06-19,244.66000366210938,65123800.0,0.008325108298475851
2017-06-20,243.00999450683594,56906400.0,-0.00674409029091736
2017-06-21,242.9499969482422,55977600.0,-0.0002468933786674451
2017-06-22,242.83999633789062,44148100.0,-0.00045277057721057276
2017-06-23,243.1300048828125,66986800.0,0.001194237149132359
2017-06-26,243.2899932861328,56700500.0,0.0006580364418510424
2017-06-27,241.3300018310547,82247700.0,-0.008056194291447834
2017-06-28,243.49000549316406,70042600.0,0.008950414974187526
2017-06-29,241.35000610351562,106949700.0,-0.008788859260625864
2017-06-30,241.8000030517578,86820700.0,0.001864499427645271
2017-07-03,242.2100067138672,39153800.0,0.0016956313355447428
2017-07-05,242.77000427246094,54427600.0,0.0023120331244418754
2017-07-06,240.5500030517578,65400800.0,-0.009144462584478171
2017-07-07,242.11000061035156,57972300.0,0.006485127993359842
2017-07-10,242.3699951171875,36663300.0,0.0010738693411279983
2017-07-11,242.19000244140625,50354600.0,-0.0007426359673532293
2017-07-12,244.00999450683594,59610400.0,0.007514728300438428
2017-07-13,244.4199981689453,39471600.0,0.0016802740516347527
2017-07-14,245.55999755859375,60262700.0,0.004664100311712054
2017-07-17,245.52999877929688,33531900.0,-0.00012216476459980786
2017-07-18,245.66000366210938,42742500.0,0.0005294867570514647
2017-07-19,246.99000549316406,51034300.0,0.005413994183945488
2017-07-20,247.10000610351562,47135200.0,0.00044536462166525596
2017-07-21,246.8800048828125,82340800.0,-0.00089033272063523
2017-07-24,246.82000732421875,46622300.0,-0.00024302315864838578
2017-07-25,247.4199981689453,54915600.0,0.0024308841541294678
2017-07-26,247.42999267578125,47575400.0,4.039490303897331e-05
2017-07-27,247.1999969482422,70766600.0,-0.0009295385941365497
2017-07-28,246.91000366210938,50088400.0,-0.0011731120134015624
2017-07-31,246.77000427246094,65838700.0,-0.00056700574124985
2017-08-01,247.32000732421875,55050400.0,0.0022288083731219995
2017-08-02,247.44000244140625,47211200.0,0.00048518160130164894
2017-08-03,246.9600067138672,40856000.0,-0.0019398469237112354
2017-08-04,247.41000366210938,60191800.0,0.0018221450275694355
2017-08-07,247.8699951171875,31995000.0,0.0018592273888259608
2017-08-08,247.25999450683594,61719400.0,-0.002460969953475682
2017-08-09,247.25,62632600.0,-4.04210428616716e-05
2017-08-10,243.75999450683594,120479500.0,-0.01411529016446537
2017-08-11,244.1199951171875,74869900.0,0.0014768650248778486
2017-08-14,246.5399932861328,73291900.0,0.00991315016118862
2017-08-15,246.50999450683594,55242700.0,-0.00012167916003006701
2017-08-16,246.94000244140625,56715500.0,0.0017443833684333153
2017-08-17,243.08999633789062,128490400.0,-0.015590856343451896
2017-08-18,242.7100067138672,136748000.0,-0.001563164382524647
2017-08-21,242.89999389648438,65469700.0,0.0007827744112798981
2017-08-22,245.44000244140625,63140100.0,0.010457013621846114
2017-08-23,244.55999755859375,50203800.0,-0.003585417511648628
2017-08-24,243.99000549316406,50741700.0,-0.00233068396761463
2017-08-25,244.55999755859375,64445900.0,0.0023361287454278824
2017-08-28,244.57000732421875,40565600.0,4.0929693019815214e-05
2017-08-29,244.85000610351562,51135700.0,0.001144861474881053
2017-08-30,246.00999450683594,62030800.0,0.004737546965099533
2017-08-31,247.49000549316406,103803900.0,0.006016060401509418
2017-09-01,247.83999633789062,62007000.0,0.001414161529590453
2017-09-05,246.05999755859375,91398800.0,-0.00718204811813396
2017-09-06,246.89999389648438,57916900.0,0.003413786662704483
2017-09-07,246.8699951171875,58034700.0,-0.0001215017417515706
2017-09-08,246.5800018310547,63832800.0,-0.0011746801631164398
2017-09-11,249.2100067138672,71364800.0,0.01066592936686917
2017-09-12,250.0500030517578,56896000.0,0.0033706364722949295
2017-09-13,250.1699981689453,59228000.0,0.0004798844859948361
2017-09-14,250.08999633789062,95446300.0,-0.00031978986944973515
2017-09-15,249.19000244140625,95432400.0,-0.0035986801138115686
2017-09-18,249.72000122070312,46235200.0,0.0021268862077301726
2017-09-19,249.97000122070312,47108100.0,0.0010011212509127348
2017-09-20,250.05999755859375,59574100.0,0.0003600285532309358
2017-09-21,249.38999938964844,48211400.0,-0.0026793496580288473
2017-09-22,249.44000244140625,51214000.0,0.00020050143101242577
2017-09-25,248.92999267578125,57064400.0,-0.0020446189890685313
2017-09-26,249.0800018310547,54082000.0,0.0006026158345202575
2017-09-27,250.0500030517578,81001400.0,0.0038943360108093096
2017-09-28,250.35000610351562,44778800.0,0.0011997722379380052
2017-09-29,251.22999572753906,85578000.0,0.0035150373579762415
2017-10-02,252.32000732421875,59023000.0,0.004338700056588043
2017-10-03,252.86000061035156,66810200.0,0.002140112834726371
2017-10-04,253.16000366210938,55953600.0,0.0011864393381067287
2017-10-05,254.66000366210938,63522800.0,0.005925106566209558
2017-10-06,254.3699951171875,80646000.0,-0.0011388068041759205
2017-10-09,253.9499969482422,35803100.0,-0.0016511309392124671
2017-10-10,254.6199951171875,43057400.0,0.0026383074502728406
2017-10-11,255.02000427246094,47674300.0,0.0015710044888239646
2017-10-12,254.63999938964844,47065100.0,-0.0014900983312921068
2017-10-13,254.9499969482422,54800400.0,0.001217395379110859
2017-10-16,255.2899932861328,38221700.0,0.001333580474447498
2017-10-17,255.47000122070312,31561000.0,0.0007051115958491837
2017-10-18,255.72000122070312,40888300.0,0.0009785884792947665
2017-10-19,255.7899932861328,61903800.0,0.00027370587007498
2017-10-20,257.1099853515625,89176400.0,0.005160452324470382
2017-10-23,256.1099853515625,63915300.0,-0.0038893860875634126
2017-10-24,256.55999755859375,66935900.0,0.001757105278084014
2017-10-25,255.2899932861328,103715300.0,-0.004950125836241837
2017-10-26,255.6199951171875,69798000.0,0.0012926547837102903
2017-10-27,257.7099914550781,85562500.0,0.008176184875257815
2017-10-30,256.75,54285700.0,-0.0037250843463919898
2017-10-31,257.1499938964844,60304800.0,0.0015579119629381695
2017-11-01,257.489990234375,54202700.0,0.00132217128508854
2017-11-02,257.5899963378906,56449500.0,0.0003883883153073115
2017-11-03,258.45001220703125,59589700.0,0.0033387005759824206
2017-11-06,258.8500061035156,49652600.0,0.0015476644518939318
2017-11-07,258.6700134277344,57502200.0,-0.0006953551150749052
2017-11-08,259.1099853515625,50469600.0,0.001700900378818133
2017-11-09,258.1700134277344,95085500.0,-0.003627694712547506
2017-11-10,258.0899963378906,59984700.0,-0.0003099395192391233
2017-11-13,258.3299865722656,50228600.0,0.000929870346701875
2017-11-14,257.7300109863281,61315200.0,-0.0023225162277847365
2017-11-15,256.44000244140625,80811500.0,-0.005005270980996879
2017-11-16,258.6199951171875,67777000.0,0.008500985240317
2017-11-17,257.8599853515625,75756800.0,-0.0029387123191330186
2017-11-20,258.29998779296875,48075500.0,0.0017063618490723064
2017-11-21,259.989990234375,69176800.0,0.006542789474542337
2017-11-22,259.760009765625,45033400.0,-0.0008845743197369941
2017-11-24,260.3599853515625,27856500.0,0.0023097303795100834
2017-11-27,260.2300109863281,52274900.0,-0.0004992102187241691
2017-11-28,262.8699951171875,98971700.0,0.010144810434635356
2017-11-29,262.7099914550781,77512100.0,-0.0006086798230358902
2017-11-30,265.010009765625,127894400.0,0.008754970824701827
2017-12-01,264.4599914550781,164390900.0,-0.002075462398696983
2017-12-04,264.1400146484375,94040600.0,-0.0012099251946583274
2017-12-05,263.19000244140625,77994500.0,-0.0035966235872883097
2017-12-06,263.239990234375,75898600.0,0.00018993044000551934
2017-12-07,264.07000732421875,77218600.0,0.0031530812970504466
2017-12-08,265.510009765625,76563900.0,0.005453108650988334
2017-12-11,266.30999755859375,83077500.0,0.0030130231009931688
2017-12-12,266.7799987792969,85195800.0,0.0017648651008669509
2017-12-13,266.75,102905400.0,-0.00011244763263415615
2017-12-14,265.6600036621094,100666700.0,-0.0040862093266752575
2017-12-15,266.510009765625,144610300.0,0.003199601339299612
2017-12-18,268.20001220703125,83653600.0,0.006341234398259475
2017-12-19,267.1700134277344,82382900.0,-0.003840412872545992
2017-12-20,267.0299987792969,76751500.0,-0.0005240657311842069
2017-12-21,267.5799865722656,67032300.0,0.0020596479627119375
2017-12-22,267.510009765625,78720900.0,-0.00026151734117725687
2017-12-26,267.19000244140625,45244400.0,-0.001196244299415636
2017-12-27,267.32000732421875,57751000.0,0.00048656342536996524
2017-12-28,267.8699951171875,45116100.0,0.0020574135040393664
2017-12-29,266.8599853515625,96007400.0,-0.003770522208667462
2018-01-02,268.7699890136719,86655700.0,0.007157325065401348
2018-01-03,270.4700012207031,90070400.0,0.006325156366117845
2018-01-04,271.6099853515625,80636400.0,0.004214826508353323
2018-01-05,273.4200134277344,83524000.0,0.006664070445823403
2018-01-08,273.9200134277344,57319200.0,0.0018286883748257561
2018-01-09,274.5400085449219,57254000.0,0.0022634166427969575
2018-01-10,274.1199951171875,69574300.0,-0.0015298805808321738
2018-01-11,276.1199951171875,62361500.0,0.0072960748417677124
2018-01-12,277.9200134277344,90816100.0,0.0065189712529979335
2018-01-16,276.9700012207031,106555100.0,-0.0034182936137424846
2018-01-17,279.6099853515625,113258800.0,0.009531660899101154
2018-01-18,279.1400146484375,100728000.0,-0.001680808010250746
2018-01-19,280.4100036621094,140920100.0,0.004549648731914558
2018-01-22,282.69000244140625,91322400.0,0.008130946647838732
2018-01-23,283.2900085449219,97084700.0,0.0021224878783606418
2018-01-24,283.17999267578125,134816100.0,-0.00038835068594796405
2018-01-25,283.29998779296875,84587300.0,0.0004237415081964669
2018-01-26,286.5799865722656,107743100.0,0.01157782887620118
2018-01-29,284.67999267578125,90118300.0,-0.0066298903814250194
2018-01-30,281.760009765625,131796400.0,-0.010257071045669811
2018-01-31,281.8999938964844,108364800.0,0.0004968204358589329
2018-02-01,281.5799865722656,90102500.0,-0.0011351803162374628
2018-02-02,275.45001220703125,173174800.0,-0.021769922073851502
2018-02-05,263.92999267578125,294681800.0,-0.041822541371286735
2018-02-06,269.1300048828125,355026800.0,0.019702240561265374
2018-02-07,267.6700134277344,167376100.0,-0.0054248557521999466
2018-02-08,257.6300048828125,246449500.0,-0.03750890290754395
2018-02-09,261.5,283565300.0,0.015021523284711479
2018-02-12,265.3399963378906,143736000.0,0.014684498424055926
2018-02-13,266.0,81223600.0,0.00248738852498102
2018-02-14,269.5899963378906,120735700.0,0.013496226834175283
2018-02-15,273.0299987792969,111200300.0,0.012760126444360802
2018-02-16,273.1099853515625,160420100.0,0.00029295891522265267
2018-02-20,271.3999938964844,86369700.0,-0.0062611824788351405
2018-02-21,270.04998779296875,98883700.0,-0.004974230412217826
2018-02-22,270.3999938964844,110511300.0,0.0012960789458874326
2018-02-23,274.7099914550781,92766400.0,0.01593934044334232
2018-02-26,277.8999938964844,86491400.0,0.011612254889272545
2018-02-27,274.42999267578125,99099200.0,-0.012486510604227195
2018-02-28,271.6499938964844,121907800.0,-0.010130083640607163
2018-03-01,267.70001220703125,176855100.0,-0.014540702294137783
2018-03-02,269.0799865722656,139083200.0,0.005154928286544656
2018-03-05,272.19000244140625,97307400.0,0.011557960548304776
2018-03-06,272.8800048828125,79213200.0,0.0025350028848131014
2018-03-07,272.7799987792969,87063500.0,-0.0003664838087296734
2018-03-08,274.1000061035156,66901200.0,0.004839091319472996
2018-03-09,278.8699951171875,113625300.0,0.017402367411369038
2018-03-12,278.5199890136719,71924800.0,-0.0012550869926631744
2018-03-13,276.7200012207031,91968900.0,-0.006462688007934658
2018-03-14,275.29998779296875,105895100.0,-0.005131589409765206
2018-03-15,275.0,83433000.0,-0.0010896760126060993
2018-03-16,274.20001220703125,100343700.0,-0.0029090465198863638
2018-03-19,270.489990234375,109208400.0,-0.013530349407333523
2018-03-20,270.95001220703125,59757300.0,0.001700698692242359
2018-03-21,270.42999267578125,78709600.0,-0.0019192452770685105
2018-03-22,263.6700134277344,148785900.0,-0.02499715057919415
2018-03-23,258.04998779296875,183534800.0,-0.021314618077743375
2018-03-26,265.1099853515625,141956100.0,0.027359030779175716
2018-03-27,260.6000061035156,129941400.0,-0.017011729083181038
2018-03-28,259.8299865722656,146452300.0,-0.0029547947552393096
2018-03-29,263.1499938964844,111601600.0,0.012777614193099947
2018-04-02,257.4700012207031,186286300.0,-0.02158462020719482
2018-04-03,260.7699890136719,119956900.0,0.012816979754235533
2018-04-04,263.55999755859375,123715300.0,0.010699116702327269
2018-04-05,265.6400146484375,82652600.0,0.007892006029410164
2018-04-06,259.7200012207031,179521200.0,-0.022285849650961826
2018-04-09,261.0,105442900.0,0.004928379690746906
2018-04-10,265.1499938964844,103529000.0,0.015900359756645114
2018-04-11,263.760009765625,91140200.0,-0.005242255941374943
2018-04-12,265.92999267578125,68890500.0,0.008227111123041279
2018-04-13,265.1499938964844,85079200.0,-0.002933098186663888
2018-04-16,267.3299865722656,63405300.0,0.008221733833538492
2018-04-17,270.19000244140625,64682000.0,0.010698447659434177
2018-04-18,270.3900146484375,57303900.0,0.0007402650180390183
2018-04-19,268.8900146484375,77655900.0,-0.005547542138160345
2018-04-20,266.6099853515625,99953100.0,-0.008479412297463122
2018-04-23,266.57000732421875,65558000.0,-0.00014994947503947908
2018-04-24,262.9800109863281,112885500.0,-0.013467367818031576
2018-04-25,263.6300048828125,103840900.0,0.002471647537189308
2018-04-26,266.30999755859375,67731900.0,0.01016573465138214
2018-04-27,266.55999755859375,57053600.0,0.0009387555942018091
2018-04-30,264.510009765625,82182300.0,-0.00769053050624422
2018-05-01,264.9800109863281,74203400.0,0.0017768749890394698
2018-05-02,263.20001220703125,86368900.0,-0.006717483227022417
2018-05-03,262.6199951171875,136311500.0,-0.002203712245224034
2018-05-04,266.0199890136719,91222100.0,0.012946439569337491
2018-05-07,266.9200134277344,55304900.0,0.0033832961853714084
2018-05-08,266.9200134277344,67499200.0,0.0
2018-05-09,269.5,59666100.0,0.009665766680939148
2018-05-10,272.0199890136719,72063900.0,0.009350608585053339
2018-05-11,272.8500061035156,59871500.0,0.003051309180819182
2018-05-14,272.9800109863281,54790600.0,0.0004764701480826718
2018-05-15,271.1000061035156,87036100.0,-0.006886969034910977
2018-05-16,272.239990234375,53942600.0,0.004205031741770188
2018-05-17,272.010009765625,56536400.0,-0.0008447710733166233
2018-05-18,271.3299865722656,64368000.0,-0.002499993268429022
2018-05-21,273.3699951171875,58025900.0,0.007518551748346997
2018-05-22,272.6099853515625,52966400.0,-0.0027801506354024007
2018-05-23,273.3599853515625,64694200.0,0.0027511831565259328
2018-05-24,272.79998779296875,76043800.0,-0.002048571804953636
2018-05-25,272.1499938964844,56374800.0,-0.0023826756802410977
2018-05-29,269.0199890136719,115908600.0,-0.011501028671722242
2018-05-30,272.6099853515625,69678400.0,0.01334471966582445
2018-05-31,270.94000244140625,93519900.0,-0.006125905138810713
2018-06-01,273.6000061035156,71258400.0,0.009817685237102004
2018-06-04,274.8999938964844,45385200.0,0.004751417265966376
2018-06-05,275.1000061035156,51135000.0,0.0007275817077921292
2018-06-06,277.3999938964844,62732200.0,0.008360551588295139
2018-06-07,277.3699951171875,72969400.0,-0.00010814268189230552
2018-06-08,278.19000244140625,72139700.0,0.002956366364978666
2018-06-11,278.55999755859375,58892500.0,0.001330008677308345
2018-06-12,278.9200134277344,72329000.0,0.0012924176920445923
2018-06-13,278.0299987792969,79070600.0,-0.003190931469921554
2018-06-14,278.7300109863281,77097600.0,0.002517757832265169
2018-06-15,277.1300048828125,120041600.0,-0.005740343846913945
2018-06-18,276.55999755859375,52917600.0,-0.002056822841899721
2018-06-19,275.5,97531500.0,-0.0038327942144603623
2018-06-20,275.9700012207031,53785500.0,0.0017059935415721416
2018-06-21,274.239990234375,71061400.0,-0.006268837115178229
2018-06-22,274.739990234375,54898500.0,0.0018232206016806035
2018-06-25,271.0,137854200.0,-0.013612835289047262
2018-06-26,271.6000061035156,68547400.0,0.0022140446624192805
2018-06-27,269.3500061035156,105110700.0,-0.008284241345497068
2018-06-28,270.8900146484375,76650500.0,0.005717499573139139
2018-06-29,271.2799987792969,97592500.0,0.001439640111376931
2018-07-02,271.8599853515625,63554800.0,0.0021379628976535055
2018-07-03,270.8999938964844,42187100.0,-0.003531198068140437
2018-07-05,273.1099853515625,56925900.0,0.008157960520008728
2018-07-06,275.4200134277344,66493700.0,0.008458233679000338
2018-07-09,277.8999938964844,50550400.0,0.009004358245014412
2018-07-10,278.8999938964844,51966800.0,0.0035984167756854734
2018-07-11,276.8599853515625,77054700.0,-0.007314480421534315
2018-07-12,279.3699951171875,60124700.0,0.009065989664189781
2018-07-13,279.5899963378906,48216000.0,0.0007874905127547465
2018-07-16,279.3399963378906,48201000.0,-0.0008941664697397454
2018-07-17,280.4700012207031,52315500.0,0.004045267049569379
2018-07-18,281.05999755859375,44593500.0,0.0021035987282873587
2018-07-19,280.0,61412100.0,-0.0037714280502431437
2018-07-20,279.67999267578125,82337700.0,-0.00114288330078125
2018-07-23,280.20001220703125,47047600.0,0.0018593376175207216
2018-07-24,281.6099853515625,68026900.0,0.005032023851196208
2018-07-25,284.010009765625,78882900.0,0.008522511767707045
2018-07-26,283.3399963378906,57919500.0,-0.002359119061639037
2018-07-27,281.4200134277344,76768700.0,-0.006776250917525312
2018-07-30,279.95001220703125,63742500.0,-0.005223513433882361
2018-07-31,281.3299865722656,68570500.0,0.004929359903773976
2018-08-01,280.8599853515625,53853300.0,-0.0016706403267907424
2018-08-02,282.3900146484375,63426400.0,0.005447658536903388
2018-08-03,283.6000061035156,53935400.0,0.004284823797982051
2018-08-06,284.6400146484375,39400900.0,0.0036671668636786485
2018-08-07,285.5799865722656,43196600.0,0.0033023182808260333
2018-08-08,285.4599914550781,42114600.0,-0.0004201804146984067
2018-08-09,285.07000732421875,35717000.0,-0.0013661603816055095
2018-08-10,283.1600036621094,77076000.0,-0.006700121419427579
2018-08-13,282.1000061035156,65732900.0,-0.0037434579209097247
2018-08-14,283.8999938964844,43842000.0,0.006380672648083002
2018-08-15,281.7799987792969,102925400.0,-0.007467401066449098
2018-08-16,284.05999755859375,69967900.0,0.008091414540329654
2018-08-17,285.05999755859375,65618500.0,0.0035203830479289067
2018-08-20,285.6700134277344,39807500.0,0.0021399560596545536
2018-08-21,286.3399963378906,67272000.0,0.0023453035973820713
2018-08-22,286.1700134277344,44993300.0,-0.0005936401212901623
2018-08-23,285.7900085449219,49204900.0,-0.0013278990284859508
2018-08-24,287.510009765625,57487400.0,0.006018409214025293
2018-08-27,289.7799987792969,57072400.0,0.007895339071924296
2018-08-28,289.9200134277344,46943500.0,0.0004831756816457798
2018-08-29,291.4800109863281,61485500.0,0.005380786031808721
2018-08-30,290.29998779296875,61229500.0,-0.0040483846194678645
2018-08-31,290.30999755859375,66140800.0,3.4480764884284445e-05
2018-09-04,289.80999755859375,57594400.0,-0.001722296869569861
2018-09-05,289.0299987792969,72452400.0,-0.0026914143261713218
2018-09-06,288.1600036621094,65909900.0,-0.003010051277936128
2018-09-07,287.6000061035156,73524800.0,-0.0019433563002393347
2018-09-10,288.1000061035156,50210900.0,0.0017385256932854008
2018-09-11,289.04998779296875,50530500.0,0.0032974025315077302
2018-09-12,289.1199951171875,59810800.0,0.00024219798365427559
2018-09-13,290.8299865722656,51034200.0,0.005914469714849792
2018-09-14,290.8800048828125,55079900.0,0.00017198470878602615
2018-09-17,289.3399963378906,68244000.0,-0.005294308715177249
2018-09-18,290.9100036621094,61930400.0,0.005426167637001346
2018-09-19,291.2200012207031,49080600.0,0.0010656132642100913
2018-09-20,293.5799865722656,100360600.0,0.008103788687831124
2018-09-21,291.989990234375,105479700.0,-0.00541588803942275
2018-09-24,291.0199890136719,53409600.0,-0.0033220358681628876
2018-09-25,290.75,44370000.0,-0.0009277335711094098
2018-09-26,289.8800048828125,79739700.0,-0.0029922445990971623
2018-09-27,290.69000244140625,59249500.0,0.0027942512244720063
2018-09-28,290.7200012207031,70091400.0,0.00010319852435558663
2018-10-01,291.7300109863281,62078900.0,0.0034741667631538035
2018-10-02,291.55999755859375,47258200.0,-0.0005827766130730467
2018-10-03,291.7200012207031,64694600.0,0.0005487846873685738
2018-10-04,289.44000244140625,111545900.0,-0.007815709480859091
2018-10-05,287.82000732421875,105951700.0,-0.00559699800830208
2018-10-08,287.82000732421875,87742200.0,0.0
2018-10-09,287.3999938964844,74339000.0,-0.0014592919777854261
2018-10-10,278.29998779296875,214731000.0,-0.0316632091049844
2018-10-11,272.1700134277344,274840500.0,-0.02202649886493904
2018-10-12,275.95001220703125,183186500.0,0.01388837341664212
2018-10-15,274.3999938964844,102263700.0,-0.005617025700234342
2018-10-16,280.3999938964844,118255800.0,0.021865889699193876
2018-10-17,280.45001220703125,110626000.0,0.0001783819958474761
2018-10-18,276.3999938964844,134557500.0,-0.01444114150209809
2018-10-19,276.25,139901600.0,-0.0005426696808848332
2018-10-22,275.010009765625,82415800.0,-0.0044886524321266965
2018-10-23,273.6099853515625,146352700.0,-0.005090812568079465
2018-10-24,265.32000732421875,177806700.0,-0.03029852151299203
2018-10-25,270.0799865722656,138061500.0,0.017940521320091107
2018-10-26,265.3299865722656,201574600.0,-0.017587382390990444
2018-10-29,263.8599853515625,160749100.0,-0.00554027548749283
2018-10-30,267.7699890136719,157116000.0,0.014818479038796859
2018-10-31,270.6300048828125,128296300.0,0.010680867858550786
2018-11-01,273.510009765625,99495000.0,0.010641853567048458
2018-11-02,271.8900146484375,122634100.0,-0.00592298292327838
2018-11-05,273.3900146484375,65622500.0,0.005516936699347153
2018-11-06,275.1199951171875,60085900.0,0.0063278846192486105
2018-11-07,281.010009765625,102752100.0,0.02140889340278101
2018-11-08,280.5,65584900.0,-0.001814916721473271
2018-11-09,277.760009765625,98812600.0,-0.009768236129679144
2018-11-12,272.57000732421875,99673600.0,-0.01868520398521585
2018-11-13,272.05999755859375,98176600.0,-0.0018711147665573839
2018-11-14,270.20001220703125,125335900.0,-0.006836673411209282
2018-11-15,273.0199890136719,135101400.0,0.010436627236270875
2018-11-16,273.7300109863281,126668000.0,0.0026006226695023953
2018-11-19,269.1000061035156,103061700.0,-0.01691449492925258
2018-11-20,264.1199951171875,136021300.0,-0.018506171956058772
2018-11-21,265.0199890136719,75563700.0,0.0034075189804734637
2018-11-23,263.25,42807900.0,-0.006678700049227474
2018-11-26,267.5,79981400.0,0.016144349477682812
2018-11-27,268.3999938964844,75502400.0,0.00336446316442757
2018-11-28,274.5799865722656,127629600.0,0.023025308555575934
2018-11-29,273.9800109863281,82346400.0,-0.002185066702884388
2018-11-30,275.6499938964844,98204200.0,0.006095272805283535
2018-12-03,279.29998779296875,103176300.0,0.013241407499740659
2018-12-04,270.25,177986000.0,-0.032402392368441696
2018-12-06,269.8399963378906,204185400.0,-0.0015171273343547642
2018-12-07,263.57000732421875,161018900.0,-0.023235951299897976
2018-12-10,264.07000732421875,151445900.0,0.0018970291994754454
2018-12-11,264.1300048828125,121504400.0,0.00022720322993775833
2018-12-12,265.4599914550781,97976700.0,0.0050353483045430785
2018-12-13,265.3699951171875,96662700.0,-0.00033902034501441785
2018-12-14,260.4700012207031,116961100.0,-0.018464762356876614
2018-12-17,255.36000061035156,165492300.0,-0.01961838440666234
2018-12-18,255.0800018310547,134515100.0,-0.001096486445127008
2018-12-19,251.25999450683594,214992800.0,-0.014975722505870249
2018-12-20,247.1699981689453,252053400.0,-0.016277944867101993
2018-12-21,240.6999969482422,255345600.0,-0.026176321028577094
2018-12-24,234.33999633789062,147311600.0,-0.026422935982500888
2018-12-26,246.17999267578125,218485400.0,0.050524863544073574
2018-12-27,248.07000732421875,186267300.0,0.007677369017256601
2018-12-28,247.75,153100200.0,-0.0012899879661813034
2018-12-31,249.9199981689453,144299400.0,0.008758822074451313
2019-01-02,250.17999267578125,126925200.0,0.0010403109344622428
2019-01-03,244.2100067138672,144140700.0,-0.0238627633571435
2019-01-04,252.38999938964844,142628800.0,0.03349573093196577
2019-01-07,254.3800048828125,103139100.0,0.007884644787735123
2019-01-08,256.7699890136719,102512600.0,0.009395330155608693
2019-01-09,257.9700012207031,95006600.0,0.004673490899932837
2019-01-10,258.8800048828125,96823900.0,0.003527556141424492
2019-01-11,258.9800109863281,73858100.0,0.00038630292656590017
2019-01-14,257.3999938964844,70908200.0,-0.006100922939288782
2019-01-15,260.3500061035156,85208300.0,0.011460809156886083
2019-01-16,260.9800109863281,77636700.0,0.0024198381718570383
2019-01-17,262.9599914550781,96118400.0,0.007586713102152963
2019-01-18,266.4599914550781,127900300.0,0.013310009559374019
2019-01-22,262.8599853515625,115531200.0,-0.013510493953920814
2019-01-23,263.4100036621094,86030300.0,0.0020924383367489433
2019-01-24,263.54998779296875,59204100.0,0.0005314305793751873
2019-01-25,265.7799987792969,96883400.0,0.008461434602986612
2019-01-28,263.760009765625,85613700.0,-0.007600229599478888
2019-01-29,263.4100036621094,66136300.0,-0.0013269869978646026
2019-01-30,267.5799865722656,92473700.0,0.015830768961627283
2019-01-31,269.92999267578125,104012100.0,0.008782443461558946
2019-02-01,270.05999755859375,85782500.0,0.0004816244446338784
2019-02-04,271.9599914550781,60744800.0,0.00703545106147067
2019-02-05,273.1000061035156,79552800.0,0.0041918469048996335
2019-02-06,272.739990234375,58347800.0,-0.001318256540075524
2019-02-07,270.1400146484375,95482000.0,-0.009532799292480909
2019-02-08,270.4700012207031,75788900.0,0.0012215390329902525
2019-02-11,270.6199951171875,68021400.0,0.0005545675890391268
2019-02-12,274.1000061035156,72270200.0,0.012859400817079921
2019-02-13,274.989990234375,65277200.0,0.0032469321818375547
2019-02-14,274.3800048828125,83234400.0,-0.0022182092920640757
2019-02-15,277.3699951171875,97088700.0,0.010897259935730458
2019-02-19,277.8500061035156,59120800.0,0.0017305800727483976
2019-02-20,278.4100036621094,76610800.0,0.0020154671451945824
2019-02-21,277.4200134277344,64214700.0,-0.0035558716330340474
2019-02-22,279.1400146484375,78114600.0,0.006199989681534534
2019-02-25,279.5199890136719,69030700.0,0.0013612321605447116
2019-02-26,279.32000732421875,56844100.0,-0.0007154468278236212
2019-02-27,279.20001220703125,56921600.0,-0.00042959728641355974
2019-02-28,278.67999267578125,69268300.0,-0.001862534056282194
2019-03-01,280.4200134277344,78880500.0,0.00624379502542
2019-03-04,279.3999938964844,106494600.0,-0.0036374705171065263
2019-03-05,279.0199890136719,59114600.0,-0.0013600747713448018
2019-03-06,277.3299865722656,75039800.0,-0.0060569224713267426
2019-03-07,275.010009765625,94885100.0,-0.008365401936209643
2019-03-08,274.4599914550781,85795800.0,-0.0019999937857375573
2019-03-11,278.44000244140625,65098900.0,0.014501242841361627
2019-03-12,279.489990234375,79667500.0,0.0037709660385084397
2019-03-13,281.3399963378906,80639200.0,0.006619221325115239
2019-03-14,281.1600036621094,67518400.0,-0.0006397692405066998
2019-03-15,281.30999755859375,81309000.0,0.0005334823393466508
2019-03-18,282.3299865722656,62199800.0,0.0036258541200954743
2019-03-19,282.3999938964844,90268100.0,0.0002479627653750156
2019-03-20,281.54998779296875,84609200.0,-0.003009936692233784
2019-03-21,284.7300109863281,79550400.0,0.011294701940096446
2019-03-22,279.25,122659300.0,-0.019246341358063794
2019-03-25,279.0400085449219,85575200.0,-0.0007519837245411817
2019-03-26,281.1199951171875,68125900.0,0.0074540800909227815
2019-03-27,279.6499938964844,72224700.0,-0.005229088098448284
2019-03-28,280.7099914550781,56238500.0,0.0037904437036609417
2019-03-29,282.4800109863281,82186800.0,0.00630550954768297
2019-04-01,285.8299865722656,77617900.0,0.01185915978352053
2019-04-02,285.9700012207031,40070400.0,0.0004898529021275396
2019-04-03,286.4200134277344,68243200.0,0.0015736343151740032
2019-04-04,287.17999267578125,48997500.0,0.0026533734111377754
2019-04-05,288.57000732421875,58621700.0,0.00484022105957357
2019-04-08,288.7900085449219,53566300.0,0.0007623842226123858
2019-04-09,287.30999755859375,66142300.0,-0.005124869083197199
2019-04-10,288.2900085449219,52601500.0,0.0034109881126857147
2019-04-11,288.2099914550781,55093100.0,-0.00027755762417025145
2019-04-12,290.1600036621094,69727800.0,0.00676594241992193
2019-04-15,289.9700012207031,49596700.0,-0.0006548195444176634
2019-04-16,290.1600036621094,52153200.0,0.000655248614016574
2019-04-17,289.45001220703125,58268300.0,-0.0024468963541402085
2019-04-18,290.0199890136719,68708500.0,0.0019691718175950355
2019-04-22,290.2699890136719,40160100.0,0.0008620095492390861
2019-04-23,292.8800048828125,52246600.0,0.008991683494423159
2019-04-24,292.2300109863281,50392900.0,-0.002219318101774996
2019-04-25,292.04998779296875,57770900.0,-0.0006160325311961108
2019-04-26,293.4100036621094,50916400.0,0.004656791391837778
2019-04-29,293.8699951171875,57197700.0,0.0015677429172041818
2019-04-30,294.0199890136719,81111700.0,0.0005104090209160736
2019-05-01,291.80999755859375,71671900.0,-0.007516466694974812
2019-05-02,291.17999267578125,65030200.0,-0.0021589557865850663
2019-05-03,294.0299987792969,56543700.0,0.009787781355874294
2019-05-06,292.82000732421875,107198100.0,-0.004115197293138657
2019-05-07,287.92999267578125,144729900.0,-0.016699728591370245
2019-05-08,287.5299987792969,91568300.0,-0.0013892053855423857
2019-05-09,286.6600036621094,103471100.0,-0.003025754254794448
2019-05-10,288.1000061035156,112429300.0,0.005023381089130256
2019-05-13,280.8599853515625,127290500.0,-0.025130234635787382
2019-05-14,283.3999938964844,77003200.0,0.009043682537198937
2019-05-15,285.05999755859375,73956400.0,0.0058574583551886505
2019-05-16,287.70001220703125,76749600.0,0.009261259633228082
2019-05-17,285.8399963378906,100353000.0,-0.006465122663262672
2019-05-20,283.95001220703125,62877600.0,-0.006612035247248011
2019-05-21,286.510009765625,46847100.0,0.00901566278760089
2019-05-22,285.6300048828125,49482500.0,-0.0030714629605170657
2019-05-23,282.1400146484375,98733800.0,-0.012218570089675501
2019-05-24,282.7799987792969,55268100.0,0.002268321037896137
2019-05-28,280.1499938964844,70029400.0,-0.00930053360975207
2019-05-29,278.2699890136719,104972900.0,-0.006710708276892425
2019-05-30,279.0299987792969,62523800.0,0.002731195585693071
2019-05-31,275.2699890136719,86862800.0,-0.01347528861439389
2019-06-03,274.57000732421875,96428000.0,-0.0025428914062199455
2019-06-04,280.5299987792969,77231900.0,0.02170663690896299
2019-06-05,282.9599914550781,71169700.0,0.008662149097619372
2019-06-06,284.79998779296875,69430400.0,0.006502673146223703
2019-06-07,287.6499938964844,74272200.0,0.01000704433171323
2019-06-10,288.9700012207031,60799100.0,0.004588935693472591
2019-06-11,288.8999938964844,58641300.0,-0.0002422650237845324
2019-06-12,288.3900146484375,46984700.0,-0.0017652449249604533
2019-06-13,289.5799865722656,48945200.0,0.004126259105325692
2019-06-14,289.260009765625,52324700.0,-0.0011049686493468144
2019-06-17,289.3699951171875,39205700.0,0.0003802300623982431
2019-06-18,292.3999938964844,85434800.0,0.010471019215623245
2019-06-19,293.05999755859375,78674400.0,0.002257194513974682
2019-06-20,295.8599853515625,116570000.0,0.009554315895361758
2019-06-21,294.0,83309500.0,-0.006286708049932231
2019-06-24,293.6400146484375,47582700.0,-0.0012244399713010204
2019-06-25,290.760009765625,82028700.0,-0.009807944214485227
2019-06-26,290.4700012207031,51584900.0,-0.000997415515137877
2019-06-27,291.5,40355200.0,0.0035459729919382196
2019-06-28,293.0,59350900.0,0.005145797598627788
2019-07-01,295.6600036621094,79107500.0,0.009078510792182167
2019-07-02,296.42999267578125,61504500.0,0.002604305635306172
2019-07-03,298.79998779296875,40898900.0,0.007995125917570931
2019-07-05,298.4599914550781,51677300.0,-0.0011378726632552615
2019-07-08,296.82000732421875,45841800.0,-0.005494820672157704
2019-07-09,297.19000244140625,41101300.0,0.0012465302474821097
2019-07-10,298.6099853515625,58448500.0,0.0047780305477678805
2019-07-11,299.30999755859375,50826100.0,0.002344235763606849
2019-07-12,300.6499938964844,40326000.0,0.004476951484483253
2019-07-15,300.75,33900000.0,0.0003326329803620675
2019-07-16,299.7799987792969,36650100.0,-0.0032252742168017456
2019-07-17,297.739990234375,36036300.0,-0.006805018857925088
2019-07-18,298.8299865722656,51392600.0,0.0036609000256653517
2019-07-19,297.1700134277344,58678600.0,-0.005554908205739323
2019-07-22,297.8999938964844,43638100.0,0.0024564405416615705
2019-07-23,300.0299987792969,44564500.0,0.007150066889738318
2019-07-24,301.44000244140625,47213200.0,0.004699542271926544
2019-07-25,300.0,55394100.0,-0.004777078124148957
2019-07-26,302.010009765625,45084100.0,0.006700032552083333
2019-07-29,301.4599914550781,38126500.0,-0.0018211923206575733
2019-07-30,300.7200012207031,45849000.0,-0.0024546880360582415
2019-07-31,297.42999267578125,104245200.0,-0.010940438053893482
2019-08-01,294.8399963378906,142646600.0,-0.008707919179872002
2019-08-02,292.6199951171875,116749700.0,-0.007529511763251325
2019-08-05,283.82000732421875,178745400.0,-0.03007309117562031
2019-08-06,287.79998779296875,120711700.0,0.014022903128895745
2019-08-07,287.9700012207031,140572300.0,0.0005907346592963566
2019-08-08,293.6199951171875,87713900.0,0.019620078037761172
2019-08-09,291.6199951171875,93730000.0,-0.006811525213743615
2019-08-12,288.07000732421875,62629500.0,-0.01217333465608964
2019-08-13,292.54998779296875,94299800.0,0.015551707414329478
2019-08-14,283.8999938964844,135622100.0,-0.02956757565344965
2019-08-15,284.6499938964844,99556600.0,0.002641775329778503
2019-08-16,288.8500061035156,83018300.0,0.01475500543505588
2019-08-19,292.3299865722656,53571800.0,0.012047707790260091
2019-08-20,290.0899963378906,51596400.0,-0.007662540065219282
2019-08-21,292.45001220703125,49524700.0,0.00813546106013159
2019-08-22,292.3599853515625,51666400.0,-0.000307836730076859
2019-08-23,284.8500061035156,149161500.0,-0.025687438857325617
2019-08-26,288.0,72423800.0,0.011058430152673595
2019-08-27,286.8699951171875,66668900.0,-0.003923628065321181
2019-08-28,288.8900146484375,59696700.0,0.0070415852673083295
2019-08-29,292.5799865722656,57899400.0,0.012772929962008581
2019-08-30,292.45001220703125,62901200.0,-0.0004442353243538483
2019-09-03,290.739990234375,69101400.0,-0.0058472282485175315
2019-09-04,294.0400085449219,46887300.0,0.011350410749778944
2019-09-05,297.82000732421875,83258100.0,0.012855389298900075
2019-09-06,298.04998779296875,49584300.0,0.0007722129578072103
2019-09-09,298.20001220703125,51260300.0,0.0005033531964668619
2019-09-10,298.1300048828125,57947100.0,-0.00023476633585831658
2019-09-11,300.25,68821100.0,0.007110975354596789
2019-09-12,301.2900085449219,72908700.0,0.0034638086425374686
2019-09-13,301.0899963378906,62104800.0,-0.0006638527709471935
2019-09-16,300.1600036621094,58191200.0,-0.0030887531538496857
2019-09-17,300.9200134277344,41475500.0,0.002532015446270264
2019-09-18,301.1000061035156,73375800.0,0.0005981412593033632
2019-09-19,301.0799865722656,76560500.0,-6.648798021982588e-05
2019-09-20,298.2799987792969,89565000.0,-0.009299813730052406
2019-09-23,298.2099914550781,43476800.0,-0.0002347033810689726
2019-09-24,295.8699951171875,94869400.0,-0.007846807300026761
2019-09-25,297.6199951171875,71854000.0,0.005914759958362334
2019-09-26,297.0,56179700.0,-0.0020831769617608445
2019-09-27,295.3999938964844,84746600.0,-0.005387225937763047
2019-09-30,296.7699890136719,51662400.0,0.00463776284865998
2019-10-01,293.239990234375,88242400.0,-0.011894729622186467
2019-10-02,288.05999755859375,122539500.0,-0.017664687110516848
2019-10-03,290.4200134277344,85278800.0,0.008192792783248491
2019-10-04,294.3500061035156,65091200.0,0.013532100041580487
2019-10-07,293.0799865722656,59610500.0,-0.004314657737100116
2019-10-08,288.5299987792969,95708100.0,-0.015524730453905783
2019-10-09,291.2699890136719,62359400.0,0.00949637904539306
2019-10-10,293.239990234375,55296300.0,0.0067634884986748686
2019-10-11,296.2799987792969,98720400.0,0.010366964418775618
2019-10-14,295.95001220703125,40394800.0,-0.0011137659431119298
2019-10-15,298.8800048828125,46754500.0,0.009900295843649364
2019-10-16,298.3999938964844,48928200.0,-0.0016060324494317777
2019-10-17,299.2799987792969,45736600.0,0.0029490780858319175
2019-10-18,297.9700012207031,64304000.0,-0.004377163739431193
2019-10-21,299.989990234375,39048600.0,0.006779169061974434
2019-10-22,299.010009765625,48594700.0,-0.0032667105591902075
2019-10-23,299.8800048828125,34352200.0,0.002909585260605269
2019-10-24,300.3699951171875,35453100.0,0.0016339543363902472
2019-10-25,301.6000061035156,45205400.0,0.0040949862047580474
2019-10-28,303.29998779296875,42147000.0,0.005636543949106071
2019-10-29,303.2099914550781,44284900.0,-0.0002967238427719823
2019-10-30,304.1400146484375,49643900.0,0.003067257740736957
2019-10-31,303.3299865722656,69053800.0,-0.0026633393738347954
2019-11-01,306.1400146484375,71141500.0,0.009263931034073386
2019-11-04,307.3699951171875,60606900.0,0.004017705657205494
2019-11-05,307.0299987792969,42933200.0,-0.0011061468044758188
2019-11-06,307.1000061035156,46487100.0,0.00022801460605507
2019-11-07,308.17999267578125,54272300.0,0.003516725987630195
2019-11-08,308.94000244140625,49032100.0,0.002466122992041743
2019-11-11,308.3500061035156,35797300.0,-0.0019097440707845014
2019-11-12,309.0,46484600.0,0.002107974326636357
2019-11-13,309.1000061035156,53917700.0,0.0003236443479470065
2019-11-14,309.54998779296875,51219900.0,0.0014557802671230908
2019-11-15,311.7900085449219,62023600.0,0.007236378098167723
2019-11-18,312.0199890136719,49228000.0,0.0007376133373333066
2019-11-19,311.92999267578125,67804700.0,-0.000288431321900603
2019-11-20,310.7699890136719,79406200.0,-0.0037187948877845742
2019-11-21,310.2699890136719,54664700.0,-0.001608906965524278
2019-11-22,310.9599914550781,44850200.0,0.002223877480383207
2019-11-25,313.3699951171875,48647200.0,0.007750204940617027
2019-11-26,314.0799865722656,37569000.0,0.002265665080068107
2019-11-27,315.4800109863281,44444600.0,0.004457540989293098
2019-11-29,314.30999755859375,36592700.0,-0.0037086768954914216
2019-12-02,311.6400146484375,75767800.0,-0.008494743822644429
2019-12-03,309.54998779296875,73941700.0,-0.006706542026788565
2019-12-04,311.4599914550781,49080000.0,0.006170259206686874
2019-12-05,312.0199890136719,40709000.0,0.001797975900460135
2019-12-06,314.8699951171875,48927000.0,0.009134049752789222
2019-12-09,313.8800048828125,34838500.0,-0.0031441237644969887
2019-12-10,313.5299987792969,52649800.0,-0.001115095253188556
2019-12-11,314.4200134277344,53429100.0,0.002838690561996295
2019-12-12,317.1300048828125,96389600.0,0.00861901704517605
2019-12-13,317.32000732421875,81503900.0,0.0005991310771002595
2019-12-16,319.5,82749700.0,0.006870013316096589
2019-12-17,319.57000732421875,61097700.0,0.00021911525577073552
2019-12-18,319.5899963378906,48133000.0,6.254971747581808e-05
2019-12-19,320.8999938964844,85310500.0,0.004098994253902548
2019-12-20,320.7300109863281,147142100.0,-0.0005297068039555119
2019-12-23,321.2200012207031,52990000.0,0.0015277342861310444
2019-12-24,321.2300109863281,20270000.0,3.116171342681277e-05
2019-12-26,322.94000244140625,30911200.0,0.005323261826713021
2019-12-27,322.8599853515625,42528800.0,-0.0002477769531145903
2019-12-30,321.0799865722656,49729100.0,-0.005513222015910807
2019-12-31,321.8599853515625,57077300.0,0.0024292974084864686
2020-01-02,324.8699951171875,59151200.0,0.00935192289385465
2020-01-03,322.4100036621094,77709700.0,-0.007572233484322718
2020-01-06,323.6400146484375,55653900.0,0.003815052176908243
2020-01-07,322.7300109863281,40496400.0,-0.0028117773480448344
2020-01-08,324.45001220703125,68296000.0,0.0053295360274876625
2020-01-09,326.6499938964844,48473300.0,0.006780649119067743
2020-01-10,325.7099914550781,53029300.0,-0.002877705369571008
2020-01-13,327.95001220703125,47086800.0,0.006877347366428789
2020-01-14,327.45001220703125,62832800.0,-0.0015246225991428092
2020-01-15,328.19000244140625,72056600.0,0.0022598570981488893
2020-01-16,330.9200134277344,54050300.0,0.008318385587676549
2020-01-17,331.95001220703125,95846000.0,0.003112530936488083
2020-01-21,331.29998779296875,77742400.0,-0.0019581996992278808
2020-01-22,331.3399963378906,48914900.0,0.0001207622891518987
2020-01-23,331.7200012207031,51963000.0,0.0011468729613462734
2020-01-24,328.7699890136719,87578400.0,-0.008893079091328351
2020-01-27,323.5,84062500.0,-0.016029410194896843
2020-01-28,326.8900146484375,63834000.0,0.010479179747874807
2020-01-29,326.6199951171875,53888900.0,-0.0008260256329346726
2020-01-30,327.67999267578125,75491800.0,0.003245354156022919
2020-01-31,321.7300109863281,113845600.0,-0.018157903510881295
2020-02-03,324.1199951171875,69242300.0,0.00742853961162155
2020-02-04,329.05999755859375,62573200.0,0.015241276427948121
2020-02-05,332.8599853515625,65951100.0,0.011548008938072483
2020-02-06,333.9800109863281,50359700.0,0.0033648551464744796
2020-02-07,332.20001220703125,64139400.0,-0.005329656628371515
2020-02-10,334.67999267578125,42070000.0,0.007465323231849988
2020-02-11,335.260009765625,54864500.0,0.0017330497864736039
2020-02-12,337.4200134277344,43992700.0,0.006442771577855049
2020-02-13,337.05999755859375,54501900.0,-0.001066966554483082
2020-02-14,337.6000061035156,64582200.0,0.0016021140118474045
2020-02-18,336.7300109863281,57226200.0,-0.0025769997081123877
2020-02-19,338.3399963378906,48814700.0,0.004781235111318511
2020-02-20,336.95001220703125,74163400.0,-0.0041082465741686565
2020-02-21,333.4800109863281,113788200.0,-0.010298267087080745
2020-02-24,322.4200134277344,161088400.0,-0.033165398807208216
2020-02-25,312.6499938964844,218913200.0,-0.03030214975609696
2020-02-26,311.5,194773800.0,-0.0036782149973913886
2020-02-27,297.510009765625,284353500.0,-0.04491168614566613
2020-02-28,296.260009765625,385764000.0,-0.004201539306138761
2020-03-02,309.0899963378906,238703600.0,0.04330650830132487
2020-03-03,300.239990234375,300139100.0,-0.02863245724019158
2020-03-04,312.8599853515625,176613400.0,0.04203302533861665
2020-03-05,302.4599914550781,186366800.0,-0.03324168760283564
2020-03-06,297.4599914550781,228667200.0,-0.016531112018967998
2020-03-09,274.2300109863281,309417300.0,-0.07809447030209489
2020-03-10,288.4200134277344,276444100.0,0.05174489250964476
2020-03-11,274.3599853515625,255316300.0,-0.04874844817138431
2020-03-12,248.11000061035156,392220700.0,-0.09567716191402487
2020-03-13,269.32000732421875,329566100.0,0.08548630309818422
2020-03-16,239.85000610351562,297240000.0,-0.10942373540494486
2020-03-17,252.8000030517578,262070500.0,0.05399206428476456
2020-03-18,240.0,327597100.0,-0.05063292285299998
2020-03-19,240.50999450683594,289322000.0,0.002124977111816406
2020-03-20,228.8000030517578,347158800.0,-0.04868816981634955
2020-03-23,222.9499969482422,326025200.0,-0.025568208153355095
2020-03-24,243.14999389648438,235494500.0,0.09060326182884683
2020-03-25,246.7899932861328,299430300.0,0.014970180880193997
2020-03-26,261.20001220703125,257632800.0,0.0583898023133831
2020-03-27,253.4199981689453,224341200.0,-0.0297856572530302
2020-03-30,261.6499938964844,171369500.0,0.03247571536186518
2020-03-31,257.75,194881100.0,-0.014905385008444965
2020-04-01,246.14999389648438,189554600.0,-0.04500487334050679
2020-04-02,251.8300018310547,177660400.0,0.023075393359379793
2020-04-03,248.19000244140625,135561200.0,-0.014454192761712345
2020-04-06,264.8599853515625,188061200.0,0.06716621437679292
2020-04-07,265.1300048828125,201427200.0,0.0010194802770663487
2020-04-08,274.0299987792969,153774500.0,0.03356841448563384
2020-04-09,278.20001220703125,190282700.0,0.015217361041894155
2020-04-13,275.6600036621094,114839100.0,-0.0091301525286478
2020-04-14,283.7900085449219,134143400.0,0.02949287083656091
2020-04-15,277.760009765625,121775000.0,-0.021248101052656936
2020-04-16,279.1000061035156,127416800.0,0.004824295401707824
2020-04-17,286.6400146484375,146520100.0,0.027015436689475942
2020-04-20,281.5899963378906,100109300.0,-0.017617980925449982
2020-04-21,273.0400085449219,126385700.0,-0.03036325119557618
2020-04-22,279.1000061035156,93524600.0,0.022194540612888714
2020-04-23,279.0799865722656,104709700.0,-7.172888144823236e-05
2020-04-24,282.9700012207031,85166000.0,0.013938708741589432
2020-04-27,287.04998779296875,77896600.0,0.014418442077481669
2020-04-28,285.7300109863281,105270000.0,-0.004598421399664514
2020-04-29,293.2099914550781,118745600.0,0.02617849081701085
2020-04-30,290.4800109863281,121841200.0,-0.009310666581320277
2020-05-01,282.7900085449219,125180000.0,-0.026473430702838245
2020-05-04,283.57000732421875,80873200.0,0.002758226089069799
2020-05-05,286.19000244140625,79569900.0,0.009239323798415458
2020-05-06,284.25,73632600.0,-0.006778721915009734
2020-05-07,287.67999267578125,75250400.0,0.01206681680134125
2020-05-08,292.44000244140625,76622100.0,0.016546196770067315
2020-05-11,292.5,79030200.0,0.00020516194122851305
2020-05-12,286.6700134277344,95870800.0,-0.019931578024839743
2020-05-13,281.6000061035156,144721100.0,-0.017685865583205933
2020-05-14,284.9700012207031,121977900.0,0.011967311946537018
2020-05-15,286.2799987792969,111146300.0,0.0045969665332569
2020-05-18,295.0,120320200.0,0.03045969420806682
2020-05-19,291.9700012207031,95189300.0,-0.01027118230270127
2020-05-20,296.92999267578125,85861700.0,0.01698801737966503
2020-05-21,294.8800048828125,78293900.0,-0.006903943163488835
2020-05-22,295.44000244140625,63958200.0,0.001899069280117169
2020-05-26,299.0799865722656,88951400.0,0.012320552737543665
2020-05-27,303.5299987792969,104817400.0,0.014879003633885779
2020-05-28,302.9700012207031,90405200.0,-0.0018449496288534437
2020-05-29,304.32000732421875,119265700.0,0.004455906849114716
2020-06-01,305.54998779296875,55758300.0,0.004041733830006103
2020-06-02,308.0799865722656,74267200.0,0.008280146883890973
2020-06-03,312.17999267578125,92567600.0,0.013308252019654954
2020-06-04,311.3599853515625,75794400.0,-0.0026267132534351094
2020-06-05,319.3399963378906,150524700.0,0.02562953289363032
2020-06-08,323.20001220703125,73641200.0,0.012087480157218949
2020-06-09,320.7900085449219,77479200.0,-0.007456694217466819
2020-06-10,319.0,95000800.0,-0.005580000926591238
2020-06-11,300.6099853515625,209243600.0,-0.057648948741183384
2020-06-12,304.2099914550781,194529100.0,0.011975670399988305
2020-06-15,307.04998779296875,135782700.0,0.00933564451419407
2020-06-16,312.9599914550781,137627500.0,0.01924769222298178
2020-06-17,311.6600036621094,82954600.0,-0.004153846588902878
2020-06-18,311.7799987792969,80828700.0,0.0003850193023728332
2020-06-19,308.6400146484375,135549600.0,-0.010071153195051842
2020-06-22,310.6199951171875,74649400.0,0.00641517747141548
2020-06-23,312.04998779296875,68471200.0,0.0046036723271525295
2020-06-24,304.0899963378906,132813500.0,-0.025508706189596855
2020-06-25,307.3500061035156,89468000.0,0.010720542618582655
2020-06-26,300.04998779296875,127961000.0,-0.023751482562483585
2020-06-29,304.4599914550781,79773300.0,0.014697563211208093
2020-06-30,308.3599853515625,113394800.0,0.012809544787298609
2020-07-01,310.5199890136719,72396500.0,0.0070048117937440745
2020-07-02,312.2300109863281,69344200.0,0.0055069626212725376
2020-07-06,317.04998779296875,61713800.0,0.01543726303379492
2020-07-07,313.7799987792969,82910000.0,-0.010313796371464153
2020-07-08,316.17999267578125,54638600.0,0.007648651621585531
2020-07-09,314.3800048828125,83354200.0,-0.00569292123051727
2020-07-10,317.5899963378906,57550400.0,0.010210545852859418
2020-07-13,314.8399963378906,102997500.0,-0.008658962913536539
2020-07-14,318.9200134277344,93657000.0,0.012959017714715698
2020-07-15,321.8500061035156,87196500.0,0.009187233639839198
2020-07-16,320.7900085449219,54622500.0,-0.0032934520381920586
2020-07-17,321.7200012207031,62774900.0,0.0028990699554503683
2020-07-20,324.32000732421875,56308800.0,0.008081580547216258
2020-07-21,325.010009765625,57499000.0,0.0021275358467677356
2020-07-22,326.8599853515625,57792900.0,0.005692057260856599
2020-07-23,322.9599914550781,75738000.0,-0.011931695745166353
2020-07-24,320.8800048828125,73766600.0,-0.006440384652273374
2020-07-27,323.2200012207031,48293000.0,0.007292434250445761
2020-07-28,321.1700134277344,57495000.0,-0.006342391514221189
2020-07-29,325.1199951171875,48454200.0,0.012298725050001905
2020-07-30,323.9599914550781,61861700.0,-0.0035679247032815034
2020-07-31,326.5199890136719,85210800.0,0.00790220282169853
2020-08-03,328.7900085449219,53077900.0,0.006952160993595253
2020-08-04,330.05999755859375,41917900.0,0.003862614375942507
2020-08-05,332.1099853515625,42866400.0,0.006210955002521403
2020-08-06,334.3299865722656,43679400.0,0.0066845362037311
2020-08-07,334.57000732421875,57265200.0,0.0007179157167861291
2020-08-10,335.57000732421875,44282100.0,0.002988911074240253
2020-08-11,332.79998779296875,69601100.0,-0.008254669579494575
2020-08-12,337.44000244140625,53826100.0,0.013942352219447804
2020-08-13,336.8299865722656,41816100.0,-0.0018077757963700506
2020-08-14,336.8399963378906,47260400.0,2.9717560858710664e-05
2020-08-17,337.9100036621094,35481000.0,0.0031766041320859216
2020-08-18,338.6400146484375,38733900.0,0.002160371040858838
2020-08-19,337.2300109863281,68054200.0,-0.00416372431230014
2020-08-20,338.2799987792969,42207800.0,0.003113565693331245
2020-08-21,339.4800109863281,55106600.0,0.0035473933172566045
2020-08-24,342.9200134277344,48588700.0,0.010133151673383177
2020-08-25,344.1199951171875,38463400.0,0.0034993049179557565
2020-08-26,347.57000732421875,50790200.0,0.010025608090155801
2020-08-27,348.3299865722656,58034100.0,0.002186550139632602
2020-08-28,350.5799865722656,48588900.0,0.006459392204906275
2020-08-31,349.30999755859375,66099200.0,-0.003622537116533576
2020-09-01,352.6000061035156,54999300.0,0.009418592562241234
2020-09-02,357.70001220703125,69540000.0,0.014463998908775899
2020-09-03,345.3900146484375,148011100.0,-0.03441430567094561
2020-09-04,342.57000732421875,139156300.0,-0.008164704260744636
2020-09-08,333.2099914550781,114465300.0,-0.027322928654060538
2020-09-09,339.7900085449219,91462300.0,0.01974735829832053
2020-09-10,333.8900146484375,90569500.0,-0.017363647394312266
2020-09-11,334.05999755859375,84680200.0,0.0005090985135785805
2020-09-14,338.4599914550781,65605700.0,0.013171268420765108
2020-09-15,340.1700134277344,52920900.0,0.005052360739314182
2020-09-16,338.82000732421875,82096000.0,-0.003968621719216941
2020-09-17,335.8399963378906,91523300.0,-0.008795262741012033
2020-09-18,330.6499938964844,105877900.0,-0.015453794955930614
2020-09-21,326.9700012207031,99450800.0,-0.01112957127993577
2020-09-22,330.29998779296875,63612100.0,0.010184379483847207
2020-09-23,322.6400146484375,93112200.0,-0.023190958000678167
2020-09-24,323.5,76681300.0,0.002665464023424302
2020-09-25,328.7300109863281,71069400.0,0.016166958226671174
2020-09-28,334.19000244140625,64584600.0,0.016609348926481818
2020-09-29,332.3699951171875,51304000.0,-0.0054460256468559474
2020-09-30,334.8900146484375,103653800.0,0.007581970599847582
